PRAGMA foreign_keys=OFF;
BEGIN TRANSACTION;
CREATE TABLE UV (id INTEGER PRIMARY KEY, code VARCHAR(10), credits INTEGER, categorie INTEGER);
INSERT INTO "UV" VALUES(1,'BL01',6,1);
INSERT INTO "UV" VALUES(2,'BL10',6,1);
INSERT INTO "UV" VALUES(3,'BL22',6,1);
INSERT INTO "UV" VALUES(4,'CM01',6,1);
INSERT INTO "UV" VALUES(5,'CM11',6,1);
INSERT INTO "UV" VALUES(6,'CM12',6,1);
INSERT INTO "UV" VALUES(7,'CM13',6,1);
INSERT INTO "UV" VALUES(8,'CM15',6,1);
INSERT INTO "UV" VALUES(9,'EL01',6,1);
INSERT INTO "UV" VALUES(10,'EN21',6,1);
INSERT INTO "UV" VALUES(11,'IA02',6,1);
INSERT INTO "UV" VALUES(12,'MQ01',6,1);
INSERT INTO "UV" VALUES(13,'MQ03',6,1);
INSERT INTO "UV" VALUES(14,'MQ17',6,1);
INSERT INTO "UV" VALUES(15,'MQ18',6,1);
INSERT INTO "UV" VALUES(16,'MT10',6,1);
INSERT INTO "UV" VALUES(17,'MT12',6,1);
INSERT INTO "UV" VALUES(18,'MT22',6,1);
INSERT INTO "UV" VALUES(19,'MT23',6,1);
INSERT INTO "UV" VALUES(20,'MT90',4,1);
INSERT INTO "UV" VALUES(21,'MT91',3,1);
INSERT INTO "UV" VALUES(22,'NF04',6,1);
INSERT INTO "UV" VALUES(23,'NF16',6,1);
INSERT INTO "UV" VALUES(24,'PS04',6,1);
INSERT INTO "UV" VALUES(25,'PS91',6,1);
INSERT INTO "UV" VALUES(26,'PS92',3,1);
INSERT INTO "UV" VALUES(27,'PS93',3,1);
INSERT INTO "UV" VALUES(28,'PS94',3,1);
INSERT INTO "UV" VALUES(29,'RO03',6,1);
INSERT INTO "UV" VALUES(30,'RR01',6,1);
INSERT INTO "UV" VALUES(31,'SR02',6,1);
INSERT INTO "UV" VALUES(32,'SY01',6,1);
INSERT INTO "UV" VALUES(33,'SY02',6,1);
INSERT INTO "UV" VALUES(34,'SY04',6,1);
INSERT INTO "UV" VALUES(35,'SY14',6,1);
INSERT INTO "UV" VALUES(36,'TF01',6,1);
INSERT INTO "UV" VALUES(37,'TF06',6,1);
INSERT INTO "UV" VALUES(38,'TN06',6,1);
INSERT INTO "UV" VALUES(39,'BA07',5,2);
INSERT INTO "UV" VALUES(40,'BL09',6,2);
INSERT INTO "UV" VALUES(41,'BM01',5,2);
INSERT INTO "UV" VALUES(42,'BT02',6,2);
INSERT INTO "UV" VALUES(43,'C2I1',4,2);
INSERT INTO "UV" VALUES(44,'CM70',3,2);
INSERT INTO "UV" VALUES(45,'DD02',3,2);
INSERT INTO "UV" VALUES(46,'EL02',6,2);
INSERT INTO "UV" VALUES(47,'FQ01',6,2);
INSERT INTO "UV" VALUES(48,'GE37',6,2);
INSERT INTO "UV" VALUES(49,'LO01',6,2);
INSERT INTO "UV" VALUES(50,'LO21',6,2);
INSERT INTO "UV" VALUES(51,'LO22',6,2);
INSERT INTO "UV" VALUES(52,'MT94',6,2);
INSERT INTO "UV" VALUES(53,'NF01',6,2);
INSERT INTO "UV" VALUES(54,'NF02',6,2);
INSERT INTO "UV" VALUES(55,'NF15',6,2);
INSERT INTO "UV" VALUES(56,'NF17',6,2);
INSERT INTO "UV" VALUES(57,'NF22',6,2);
INSERT INTO "UV" VALUES(58,'NF92',6,2);
INSERT INTO "UV" VALUES(59,'NP90',2,2);
INSERT INTO "UV" VALUES(60,'NX17',6,2);
INSERT INTO "UV" VALUES(61,'PR',5,2);
INSERT INTO "UV" VALUES(62,'PS09',6,2);
INSERT INTO "UV" VALUES(63,'PS90',3,2);
INSERT INTO "UV" VALUES(64,'TF14',6,2);
INSERT INTO "UV" VALUES(65,'TN01',6,2);
INSERT INTO "UV" VALUES(66,'TN02',6,2);
INSERT INTO "UV" VALUES(67,'TN03',6,2);
INSERT INTO "UV" VALUES(68,'TN04',4,2);
INSERT INTO "UV" VALUES(69,'TN08',5,2);
INSERT INTO "UV" VALUES(70,'TN20',6,2);
INSERT INTO "UV" VALUES(71,'TN22',6,2);
INSERT INTO "UV" VALUES(72,'TR91',2,2);
INSERT INTO "UV" VALUES(73,'TS01',6,2);
INSERT INTO "UV" VALUES(74,'TX',5,2);
INSERT INTO "UV" VALUES(75,'UB04',5,2);
INSERT INTO "UV" VALUES(76,'UR03',5,2);
INSERT INTO "UV" VALUES(77,'UR05',5,2);
INSERT INTO "UV" VALUES(78,'AR03',4,3);
INSERT INTO "UV" VALUES(79,'DI01',4,3);
INSERT INTO "UV" VALUES(80,'DI02',4,3);
INSERT INTO "UV" VALUES(81,'EI03',4,3);
INSERT INTO "UV" VALUES(82,'EI04',4,3);
INSERT INTO "UV" VALUES(83,'EI05',4,3);
INSERT INTO "UV" VALUES(84,'GE10',4,3);
INSERT INTO "UV" VALUES(85,'GE12',4,3);
INSERT INTO "UV" VALUES(86,'GE13',4,3);
INSERT INTO "UV" VALUES(87,'GE15',4,3);
INSERT INTO "UV" VALUES(88,'GE20',4,3);
INSERT INTO "UV" VALUES(89,'GE21',4,3);
INSERT INTO "UV" VALUES(90,'GE22',4,3);
INSERT INTO "UV" VALUES(91,'GE23',4,3);
INSERT INTO "UV" VALUES(92,'GE24',4,3);
INSERT INTO "UV" VALUES(93,'GE25',4,3);
INSERT INTO "UV" VALUES(94,'GE26',4,3);
INSERT INTO "UV" VALUES(95,'GE28',4,3);
INSERT INTO "UV" VALUES(96,'GE29',4,3);
INSERT INTO "UV" VALUES(97,'GE36',4,3);
INSERT INTO "UV" VALUES(98,'GE90',4,3);
INSERT INTO "UV" VALUES(99,'HE01',4,3);
INSERT INTO "UV" VALUES(100,'HE03',4,3);
INSERT INTO "UV" VALUES(101,'HE05',4,3);
INSERT INTO "UV" VALUES(102,'IC01',4,3);
INSERT INTO "UV" VALUES(103,'IC03',4,3);
INSERT INTO "UV" VALUES(104,'IC05',4,3);
INSERT INTO "UV" VALUES(105,'IC07',4,3);
INSERT INTO "UV" VALUES(106,'LA00',4,3);
INSERT INTO "UV" VALUES(107,'LA01',4,3);
INSERT INTO "UV" VALUES(108,'LA02',4,3);
INSERT INTO "UV" VALUES(109,'LA03',4,3);
INSERT INTO "UV" VALUES(110,'LA04',4,3);
INSERT INTO "UV" VALUES(111,'LA11',4,3);
INSERT INTO "UV" VALUES(112,'LA12',4,3);
INSERT INTO "UV" VALUES(113,'LA13',4,3);
INSERT INTO "UV" VALUES(114,'LA14',4,3);
INSERT INTO "UV" VALUES(115,'LA15',4,3);
INSERT INTO "UV" VALUES(116,'LA20',4,3);
INSERT INTO "UV" VALUES(117,'LA21',4,3);
INSERT INTO "UV" VALUES(118,'LA22',4,3);
INSERT INTO "UV" VALUES(119,'LA23',4,3);
INSERT INTO "UV" VALUES(120,'LA24',4,3);
INSERT INTO "UV" VALUES(121,'LA91',4,3);
INSERT INTO "UV" VALUES(122,'LA92',4,3);
INSERT INTO "UV" VALUES(123,'LA93',4,3);
INSERT INTO "UV" VALUES(124,'LA94',4,3);
INSERT INTO "UV" VALUES(125,'LB04',4,3);
INSERT INTO "UV" VALUES(126,'LB14',4,3);
INSERT INTO "UV" VALUES(127,'LB24',4,3);
INSERT INTO "UV" VALUES(128,'LC14',4,3);
INSERT INTO "UV" VALUES(129,'LG30',4,3);
INSERT INTO "UV" VALUES(130,'LG31',4,3);
INSERT INTO "UV" VALUES(131,'LG40',4,3);
INSERT INTO "UV" VALUES(132,'LG41',4,3);
INSERT INTO "UV" VALUES(133,'LG42',4,3);
INSERT INTO "UV" VALUES(134,'LG50',4,3);
INSERT INTO "UV" VALUES(135,'LG51',4,3);
INSERT INTO "UV" VALUES(136,'LG52',4,3);
INSERT INTO "UV" VALUES(137,'LG60',4,3);
INSERT INTO "UV" VALUES(138,'LG61',4,3);
INSERT INTO "UV" VALUES(139,'MU01',4,3);
INSERT INTO "UV" VALUES(140,'MU02',8,3);
INSERT INTO "UV" VALUES(141,'MU03',4,3);
INSERT INTO "UV" VALUES(142,'PH01',4,3);
INSERT INTO "UV" VALUES(143,'PH09',4,3);
INSERT INTO "UV" VALUES(144,'SA11',4,3);
INSERT INTO "UV" VALUES(145,'SC01',4,3);
INSERT INTO "UV" VALUES(146,'SC11',4,3);
INSERT INTO "UV" VALUES(147,'SC12',4,3);
INSERT INTO "UV" VALUES(148,'SC21',4,3);
INSERT INTO "UV" VALUES(149,'SC22',4,3);
INSERT INTO "UV" VALUES(150,'SI01',4,3);
INSERT INTO "UV" VALUES(151,'SI02',4,3);
INSERT INTO "UV" VALUES(152,'SI05',4,3);
INSERT INTO "UV" VALUES(153,'SI06',4,3);
INSERT INTO "UV" VALUES(154,'SI07',4,3);
INSERT INTO "UV" VALUES(155,'SI11',4,3);
INSERT INTO "UV" VALUES(156,'SI14',4,3);
INSERT INTO "UV" VALUES(157,'SI20',4,3);
INSERT INTO "UV" VALUES(158,'SI22',4,3);
INSERT INTO "UV" VALUES(159,'SI24',4,3);
INSERT INTO "UV" VALUES(160,'SI28',4,3);
INSERT INTO "UV" VALUES(161,'SI90',4,3);
INSERT INTO "UV" VALUES(162,'SL',4,3);
INSERT INTO "UV" VALUES(163,'SO04',4,3);
INSERT INTO "UV" VALUES(164,'SO05',4,3);
INSERT INTO "UV" VALUES(165,'SP01',4,3);
INSERT INTO "UV" VALUES(166,'SP02',4,3);
INSERT INTO "UV" VALUES(167,'TN16',4,3);
INSERT INTO "UV" VALUES(168,'TO01',2,3);
INSERT INTO "UV" VALUES(169,'MT34',6,1);
INSERT INTO "UV" VALUES(170,'MT37',3,1);
INSERT INTO "UV" VALUES(171,'MT38',3,1);
INSERT INTO "UV" VALUES(172,'AP',6,2);
INSERT INTO "UV" VALUES(173,'API06',4,1);
INSERT INTO "UV" VALUES(174,'API07',3,2);
INSERT INTO "UV" VALUES(175,'API08',4,2);
INSERT INTO "UV" VALUES(176,'API09',4,1);
INSERT INTO "UV" VALUES(177,'API10',3,2);
INSERT INTO "UV" VALUES(178,'BA01',5,2);
INSERT INTO "UV" VALUES(179,'BA02',5,2);
INSERT INTO "UV" VALUES(180,'BA04',6,2);
INSERT INTO "UV" VALUES(181,'BA09',6,1);
INSERT INTO "UV" VALUES(182,'BI01',6,1);
INSERT INTO "UV" VALUES(183,'BL30',6,1);
INSERT INTO "UV" VALUES(184,'BL40',6,1);
INSERT INTO "UV" VALUES(185,'BM02',6,2);
INSERT INTO "UV" VALUES(186,'BM08',5,2);
INSERT INTO "UV" VALUES(187,'BT06',6,2);
INSERT INTO "UV" VALUES(188,'BT10',5,2);
INSERT INTO "UV" VALUES(189,'BT21',6,2);
INSERT INTO "UV" VALUES(190,'BT22',6,2);
INSERT INTO "UV" VALUES(191,'CM06',6,2);
INSERT INTO "UV" VALUES(192,'CM40',3,1);
INSERT INTO "UV" VALUES(193,'CT02',6,2);
INSERT INTO "UV" VALUES(194,'CT04',5,2);
INSERT INTO "UV" VALUES(195,'DI03',6,2);
INSERT INTO "UV" VALUES(196,'DI05',6,2);
INSERT INTO "UV" VALUES(197,'DI06',5,2);
INSERT INTO "UV" VALUES(198,'EG01',6,2);
INSERT INTO "UV" VALUES(199,'EN14',6,2);
INSERT INTO "UV" VALUES(200,'EV01',6,2);
INSERT INTO "UV" VALUES(201,'FPP02',3,1);
INSERT INTO "UV" VALUES(202,'FQ07',5,2);
INSERT INTO "UV" VALUES(203,'GE38',6,2);
INSERT INTO "UV" VALUES(204,'GE39',6,2);
INSERT INTO "UV" VALUES(205,'GPL01',5,2);
INSERT INTO "UV" VALUES(206,'IA04',6,2);
INSERT INTO "UV" VALUES(207,'LO17',6,2);
INSERT INTO "UV" VALUES(208,'LO18',6,2);
INSERT INTO "UV" VALUES(209,'MAT03',3,1);
INSERT INTO "UV" VALUES(210,'MB11',6,1);
INSERT INTO "UV" VALUES(211,'MC01',6,1);
INSERT INTO "UV" VALUES(212,'MC05',6,2);
INSERT INTO "UV" VALUES(213,'MC07',6,2);
INSERT INTO "UV" VALUES(214,'MEQ03',3,1);
INSERT INTO "UV" VALUES(215,'MI03',6,2);
INSERT INTO "UV" VALUES(216,'MP02',6,2);
INSERT INTO "UV" VALUES(217,'MQ02',6,1);
INSERT INTO "UV" VALUES(218,'MQ04',6,2);
INSERT INTO "UV" VALUES(219,'MQ06',6,2);
INSERT INTO "UV" VALUES(220,'MQ08',6,2);
INSERT INTO "UV" VALUES(221,'MQ09',6,2);
INSERT INTO "UV" VALUES(222,'MQ10',6,2);
INSERT INTO "UV" VALUES(223,'MQ11',6,2);
INSERT INTO "UV" VALUES(224,'MQ14',6,2);
INSERT INTO "UV" VALUES(225,'MQ19',6,2);
INSERT INTO "UV" VALUES(226,'MS02',6,2);
INSERT INTO "UV" VALUES(227,'MS03',6,2);
INSERT INTO "UV" VALUES(228,'NF11',6,1);
INSERT INTO "UV" VALUES(229,'NF24',6,2);
INSERT INTO "UV" VALUES(230,'NF26',6,2);
INSERT INTO "UV" VALUES(231,'NF28',6,2);
INSERT INTO "UV" VALUES(232,'NF33',6,2);
INSERT INTO "UV" VALUES(233,'PS05',6,1);
INSERT INTO "UV" VALUES(234,'RO04',6,1);
INSERT INTO "UV" VALUES(235,'SCI08',6,2);
INSERT INTO "UV" VALUES(236,'SR03',6,2);
INSERT INTO "UV" VALUES(237,'SY05',6,2);
INSERT INTO "UV" VALUES(238,'SY06',6,1);
INSERT INTO "UV" VALUES(239,'SY09',6,1);
INSERT INTO "UV" VALUES(240,'SY12',6,2);
INSERT INTO "UV" VALUES(241,'SY15',6,1);
INSERT INTO "UV" VALUES(242,'SY26',6,2);
INSERT INTO "UV" VALUES(243,'TA02',6,2);
INSERT INTO "UV" VALUES(244,'TF07',6,2);
INSERT INTO "UV" VALUES(245,'TF08',6,2);
INSERT INTO "UV" VALUES(246,'TMI01',5,2);
INSERT INTO "UV" VALUES(247,'TMI05',3,2);
INSERT INTO "UV" VALUES(248,'TN12',6,2);
INSERT INTO "UV" VALUES(249,'TN13',6,2);
INSERT INTO "UV" VALUES(250,'TN15',6,2);
INSERT INTO "UV" VALUES(251,'TN24',6,2);
INSERT INTO "UV" VALUES(252,'TN29',6,2);
INSERT INTO "UV" VALUES(253,'TN30',3,2);
INSERT INTO "UV" VALUES(254,'UB02',5,2);
INSERT INTO "UV" VALUES(255,'UB06',5,2);
INSERT INTO "UV" VALUES(256,'UB08',6,1);
INSERT INTO "UV" VALUES(257,'UR01',5,2);
INSERT INTO "UV" VALUES(258,'UXD01',6,2);
CREATE TABLE UVCursus (id INTEGER PRIMARY KEY, idUV INTEGER, idCursus INTEGER);
CREATE TABLE User (id INTEGER PRIMARY KEY, nom VARCHAR(40), prenom VARCHAR(40), simulation INTEGER, profil INTEGER);
INSERT INTO "User" VALUES(1,'GOUJON','Paul',0,1);
INSERT INTO "User" VALUES(2,'CORTYL','Alexandre',0,2);
CREATE TABLE Profil (id INTEGER PRIMARY KEY, actuel INTEGER, vise INTEGER);
INSERT INTO "Profil" VALUES(1,1,3);
INSERT INTO "Profil" VALUES(2,7,9);
CREATE TABLE ProfilInscr (id INTEGER PRIMARY KEY, idProfil INTEGER, idInscription INTEGER);
INSERT INTO "ProfilInscr" VALUES(1,1,1);
INSERT INTO "ProfilInscr" VALUES(2,2,2);
CREATE TABLE ProfilEtr (id INTEGER PRIMARY KEY, idProfil INTEGER, idEtranger INTEGER);
INSERT INTO "ProfilEtr" VALUES(1,1,5);
INSERT INTO "ProfilEtr" VALUES(2,2,1);
INSERT INTO "ProfilEtr" VALUES(3,2,2);
CREATE TABLE ProPrefEtr (id INTEGER PRIMARY KEY, idProfil INTEGER, idEtranger INTEGER);
INSERT INTO "ProPrefEtr" VALUES(1,2,3);
INSERT INTO "ProPrefEtr" VALUES(2,2,4);
CREATE TABLE ProPrefDesirs (id INTEGER PRIMARY KEY, idProfil INTEGER, idDesir INTEGER);
INSERT INTO "ProPrefDesirs" VALUES(1,2,1);
CREATE TABLE ProPrefBonus (id INTEGER PRIMARY KEY, idProfil INTEGER, idBonus INTEGER);
INSERT INTO "ProPrefBonus" VALUES(1,2,1);
CREATE TABLE Inscription (id INTEGER PRIMARY KEY, uv INTEGER, semestre INTEGER, note INTEGER, cursus INTEGER, categorie INTEGER);
INSERT INTO "Inscription" VALUES(1,18,1,1,1,1);
INSERT INTO "Inscription" VALUES(2,1,3,3,7,1);
CREATE TABLE Etranger (id INTEGER PRIMARY KEY, titre VARCHAR(100), semestre INTEGER);
INSERT INTO "Etranger" VALUES(1,'Test',3);
INSERT INTO "Etranger" VALUES(2,'Test2',4);
INSERT INTO "Etranger" VALUES(3,'Bonjour',6);
INSERT INTO "Etranger" VALUES(4,'US',7);
INSERT INTO "Etranger" VALUES(5,'Australie',8);
CREATE TABLE Semestre (id INTEGER PRIMARY KEY, saison INTEGER, annee INTEGER);
INSERT INTO "Semestre" VALUES(1,0,2011);
INSERT INTO "Semestre" VALUES(2,1,2011);
INSERT INTO "Semestre" VALUES(3,0,2012);
INSERT INTO "Semestre" VALUES(4,0,2014);
INSERT INTO "Semestre" VALUES(5,0,2015);
INSERT INTO "Semestre" VALUES(6,1,2016);
INSERT INTO "Semestre" VALUES(7,0,2018);
INSERT INTO "Semestre" VALUES(8,1,2015);
CREATE TABLE Bonus (id INTEGER PRIMARY KEY, uv INTEGER, bonus INTEGER);
INSERT INTO "Bonus" VALUES(1,3,2);
CREATE TABLE Branche (id INTEGER PRIMARY KEY, code VARCHAR(10), nom VARCHAR(100));
INSERT INTO "Branche" VALUES(1,'TC','Tronc Commun');
INSERT INTO "Branche" VALUES(2,'HUTECH','Humanité et Technologie');
INSERT INTO "Branche" VALUES(3,'GI','Génie Informatique');
INSERT INTO "Branche" VALUES(4,'GM','Génie Mécanique');
INSERT INTO "Branche" VALUES(5,'GSM','Génie des Systèmes Mécaniques');
INSERT INTO "Branche" VALUES(6,'GP','Génie des Procédés');
INSERT INTO "Branche" VALUES(7,'GSU','Génie des Systèmes Urbains');
INSERT INTO "Branche" VALUES(8,'GB','Génie Biologique');
CREATE TABLE Desir (id INTEGER PRIMARY KEY, uv INTEGER, semestre INTEGER);
INSERT INTO "Desir" VALUES(1,3,5);
CREATE TABLE Simulation (id INTEGER PRIMARY KEY, profil INTEGER, cursus INTEGER);
CREATE TABLE SimulationInscr (id INTEGER PRIMARY KEY, idSimu INTEGER, inscription INTEGER);
CREATE TABLE Categorie (id INTEGER PRIMARY KEY, code VARCHAR(10), nom VARCHAR(100));
INSERT INTO "Categorie" VALUES(1,'CS','Connaissances Scientifiques');
INSERT INTO "Categorie" VALUES(2,'TM','Techniques et Méthodes');
INSERT INTO "Categorie" VALUES(3,'TSH','Technologies et Sciences Humaines');
CREATE TABLE Cursus (id INTEGER PRIMARY KEY, branche INTEGER, filiere INTEGER);
INSERT INTO "Cursus" VALUES(1,1,1);
INSERT INTO "Cursus" VALUES(2,3,3);
INSERT INTO "Cursus" VALUES(3,3,2);
INSERT INTO "Cursus" VALUES(4,2,3);
INSERT INTO "Cursus" VALUES(5,4,2);
INSERT INTO "Cursus" VALUES(6,1,2);
INSERT INTO "Cursus" VALUES(7,2,2);
INSERT INTO "Cursus" VALUES(8,5,3);
INSERT INTO "Cursus" VALUES(9,7,4);
CREATE TABLE Filiere (id INTEGER PRIMARY KEY, code VARCHAR(10), nom VARCHAR(100));
INSERT INTO "Filiere" VALUES(1,'SF','Sans Filière');
INSERT INTO "Filiere" VALUES(2,'AI','Agro Industries');
INSERT INTO "Filiere" VALUES(3,'MPI','Management de Projets Innovants');
INSERT INTO "Filiere" VALUES(4,'SRI','Systèmes et Réseaux Informatiques');
INSERT INTO "Filiere" VALUES(5,'FDD','Fouille de Données');
INSERT INTO "Filiere" VALUES(6,'ICSI','Ingénieurie et Connaissance des Systèmes Informatiques');
INSERT INTO "Filiere" VALUES(7,'ADEL','Aide à la Décision En Logistique');
INSERT INTO "Filiere" VALUES(8,'STRIE','Systèmes Temps Réel et Informatique Enfouie');
INSERT INTO "Filiere" VALUES(9,'QSE','Qualité, Sécurité, Environnement');
INSERT INTO "Filiere" VALUES(10,'TE','Thermique Energétique');
INSERT INTO "Filiere" VALUES(11,'CPI','Conduite des Procédés Industriels');
INSERT INTO "Filiere" VALUES(12,'STI','Systèmes Techniques Intégrés');
INSERT INTO "Filiere" VALUES(13,'SR','Systemes et Réseaux pour l environnement construit');
INSERT INTO "Filiere" VALUES(14,'AIE','Aménagement et Ingénieurie de l Environnement');
INSERT INTO "Filiere" VALUES(15,'AVI','Acoustique et Vibrations Industrielles');
INSERT INTO "Filiere" VALUES(16,'FQI','Fiabilité et Qualité Industrielle');
INSERT INTO "Filiere" VALUES(17,'MARS','Mécatronique, Actionneurs, Robotisation et Systèmes');
INSERT INTO "Filiere" VALUES(18,'MIT','Matérieux et Innovation Technologique');
INSERT INTO "Filiere" VALUES(19,'IDI','Ingénieurie du Design Industriel');
INSERT INTO "Filiere" VALUES(20,'CMI','Conception Mécanique Intégrée');
INSERT INTO "Filiere" VALUES(21,'MOPS','Modélisation et Optimisation des Produits et Structures');
INSERT INTO "Filiere" VALUES(22,'PIL','Production Intégrée et Logistique');
INSERT INTO "Filiere" VALUES(23,'BB','Biomatériaux, Biomécanique');
INSERT INTO "Filiere" VALUES(24,'B','Biomédical');
INSERT INTO "Filiere" VALUES(25,'IAA','Innovation, Aliments, Agroressources ');
INSERT INTO "Filiere" VALUES(26,'ICIB','Innovation Conception et Innovation de Bioproduits');
CREATE TABLE Note (id INTEGER PRIMARY KEY, code VARCHAR(10));
INSERT INTO "Note" VALUES(1,'A');
INSERT INTO "Note" VALUES(2,'B');
INSERT INTO "Note" VALUES(3,'C');
INSERT INTO "Note" VALUES(4,'D');
INSERT INTO "Note" VALUES(5,'E');
INSERT INTO "Note" VALUES(6,'F');
INSERT INTO "Note" VALUES(7,'FX');
INSERT INTO "Note" VALUES(8,'EC');
INSERT INTO "Note" VALUES(9,'ABS');
INSERT INTO "Note" VALUES(10,'RES');
COMMIT;
