PRAGMA foreign_keys=OFF;
BEGIN TRANSACTION;
CREATE TABLE UV (id INTEGER PRIMARY KEY, code VARCHAR(10), credits INTEGER, categorie INTEGER);
INSERT INTO "UV" VALUES(1,'BL01',6,1);
INSERT INTO "UV" VALUES(2,'BL10',6,1);
INSERT INTO "UV" VALUES(3,'BL22',6,1);
INSERT INTO "UV" VALUES(4,'CM01',6,1);
INSERT INTO "UV" VALUES(5,'CM11',6,1);
INSERT INTO "UV" VALUES(6,'CM12',6,1);
INSERT INTO "UV" VALUES(7,'CM13',6,1);
INSERT INTO "UV" VALUES(8,'CM15',6,1);
INSERT INTO "UV" VALUES(9,'EL01',6,1);
INSERT INTO "UV" VALUES(10,'EN21',6,1);
INSERT INTO "UV" VALUES(11,'IA02',6,1);
INSERT INTO "UV" VALUES(12,'MQ01',6,1);
INSERT INTO "UV" VALUES(13,'MQ03',6,1);
INSERT INTO "UV" VALUES(14,'MQ17',6,1);
INSERT INTO "UV" VALUES(15,'MQ18',6,1);
INSERT INTO "UV" VALUES(16,'MT10',6,1);
INSERT INTO "UV" VALUES(17,'MT12',6,1);
INSERT INTO "UV" VALUES(18,'MT22',6,1);
INSERT INTO "UV" VALUES(19,'MT23',6,1);
INSERT INTO "UV" VALUES(20,'MT90',4,1);
INSERT INTO "UV" VALUES(21,'MT91',3,1);
INSERT INTO "UV" VALUES(22,'NF04',6,1);
INSERT INTO "UV" VALUES(23,'NF16',6,1);
INSERT INTO "UV" VALUES(24,'PS04',6,1);
INSERT INTO "UV" VALUES(25,'PS91',6,1);
INSERT INTO "UV" VALUES(26,'PS92',3,1);
INSERT INTO "UV" VALUES(27,'PS93',3,1);
INSERT INTO "UV" VALUES(28,'PS94',3,1);
INSERT INTO "UV" VALUES(29,'RO03',6,1);
INSERT INTO "UV" VALUES(30,'RR01',6,1);
INSERT INTO "UV" VALUES(31,'SR02',6,1);
INSERT INTO "UV" VALUES(32,'SY01',6,1);
INSERT INTO "UV" VALUES(33,'SY02',6,1);
INSERT INTO "UV" VALUES(34,'SY04',6,1);
INSERT INTO "UV" VALUES(35,'SY14',6,1);
INSERT INTO "UV" VALUES(36,'TF01',6,1);
INSERT INTO "UV" VALUES(37,'TF06',6,1);
INSERT INTO "UV" VALUES(38,'TN06',6,1);
INSERT INTO "UV" VALUES(39,'BA07',5,2);
INSERT INTO "UV" VALUES(40,'BL09',6,2);
INSERT INTO "UV" VALUES(41,'BM01',5,2);
INSERT INTO "UV" VALUES(42,'BT02',6,2);
INSERT INTO "UV" VALUES(43,'C2I1',4,2);
INSERT INTO "UV" VALUES(44,'CM70',3,2);
INSERT INTO "UV" VALUES(45,'DD02',3,2);
INSERT INTO "UV" VALUES(46,'EL02',6,2);
INSERT INTO "UV" VALUES(47,'FQ01',6,2);
INSERT INTO "UV" VALUES(48,'GE37',6,2);
INSERT INTO "UV" VALUES(49,'LO01',6,2);
INSERT INTO "UV" VALUES(50,'LO21',6,2);
INSERT INTO "UV" VALUES(51,'LO22',6,2);
INSERT INTO "UV" VALUES(52,'MT94',6,2);
INSERT INTO "UV" VALUES(53,'NF01',6,2);
INSERT INTO "UV" VALUES(54,'NF02',6,2);
INSERT INTO "UV" VALUES(55,'NF15',6,2);
INSERT INTO "UV" VALUES(56,'NF17',6,2);
INSERT INTO "UV" VALUES(57,'NF22',6,2);
INSERT INTO "UV" VALUES(58,'NF92',6,2);
INSERT INTO "UV" VALUES(59,'NP90',2,2);
INSERT INTO "UV" VALUES(60,'NX17',6,2);
INSERT INTO "UV" VALUES(61,'PR',5,2);
INSERT INTO "UV" VALUES(62,'PS09',6,2);
INSERT INTO "UV" VALUES(63,'PS90',3,2);
INSERT INTO "UV" VALUES(64,'TF14',6,2);
INSERT INTO "UV" VALUES(65,'TN01',6,2);
INSERT INTO "UV" VALUES(66,'TN02',6,2);
INSERT INTO "UV" VALUES(67,'TN03',6,2);
INSERT INTO "UV" VALUES(68,'TN04',4,2);
INSERT INTO "UV" VALUES(69,'TN08',5,2);
INSERT INTO "UV" VALUES(70,'TN20',6,2);
INSERT INTO "UV" VALUES(71,'TN22',6,2);
INSERT INTO "UV" VALUES(72,'TR91',2,2);
INSERT INTO "UV" VALUES(73,'TS01',6,2);
INSERT INTO "UV" VALUES(74,'TX',5,2);
INSERT INTO "UV" VALUES(75,'UB04',5,2);
INSERT INTO "UV" VALUES(76,'UR03',5,2);
INSERT INTO "UV" VALUES(77,'UR05',5,2);
INSERT INTO "UV" VALUES(78,'AR03',4,3);
INSERT INTO "UV" VALUES(79,'DI01',4,3);
INSERT INTO "UV" VALUES(80,'DI02',4,3);
INSERT INTO "UV" VALUES(81,'EI03',4,3);
INSERT INTO "UV" VALUES(82,'EI04',4,3);
INSERT INTO "UV" VALUES(83,'EI05',4,3);
INSERT INTO "UV" VALUES(84,'GE10',4,3);
INSERT INTO "UV" VALUES(85,'GE12',4,3);
INSERT INTO "UV" VALUES(86,'GE13',4,3);
INSERT INTO "UV" VALUES(87,'GE15',4,3);
INSERT INTO "UV" VALUES(88,'GE20',4,3);
INSERT INTO "UV" VALUES(89,'GE21',4,3);
INSERT INTO "UV" VALUES(90,'GE22',4,3);
INSERT INTO "UV" VALUES(91,'GE23',4,3);
INSERT INTO "UV" VALUES(92,'GE24',4,3);
INSERT INTO "UV" VALUES(93,'GE25',4,3);
INSERT INTO "UV" VALUES(94,'GE26',4,3);
INSERT INTO "UV" VALUES(95,'GE28',4,3);
INSERT INTO "UV" VALUES(96,'GE29',4,3);
INSERT INTO "UV" VALUES(97,'GE36',4,3);
INSERT INTO "UV" VALUES(98,'GE90',4,3);
INSERT INTO "UV" VALUES(99,'HE01',4,3);
INSERT INTO "UV" VALUES(100,'HE03',4,3);
INSERT INTO "UV" VALUES(101,'HE05',4,3);
INSERT INTO "UV" VALUES(102,'IC01',4,3);
INSERT INTO "UV" VALUES(103,'IC03',4,3);
INSERT INTO "UV" VALUES(104,'IC05',4,3);
INSERT INTO "UV" VALUES(105,'IC07',4,3);
INSERT INTO "UV" VALUES(106,'LA00',4,3);
INSERT INTO "UV" VALUES(107,'LA01',4,3);
INSERT INTO "UV" VALUES(108,'LA02',4,3);
INSERT INTO "UV" VALUES(109,'LA03',4,3);
INSERT INTO "UV" VALUES(110,'LA04',4,3);
INSERT INTO "UV" VALUES(111,'LA11',4,3);
INSERT INTO "UV" VALUES(112,'LA12',4,3);
INSERT INTO "UV" VALUES(113,'LA13',4,3);
INSERT INTO "UV" VALUES(114,'LA14',4,3);
INSERT INTO "UV" VALUES(115,'LA15',4,3);
INSERT INTO "UV" VALUES(116,'LA20',4,3);
INSERT INTO "UV" VALUES(117,'LA21',4,3);
INSERT INTO "UV" VALUES(118,'LA22',4,3);
INSERT INTO "UV" VALUES(119,'LA23',4,3);
INSERT INTO "UV" VALUES(120,'LA24',4,3);
INSERT INTO "UV" VALUES(121,'LA91',4,3);
INSERT INTO "UV" VALUES(122,'LA92',4,3);
INSERT INTO "UV" VALUES(123,'LA93',4,3);
INSERT INTO "UV" VALUES(124,'LA94',4,3);
INSERT INTO "UV" VALUES(125,'LB04',4,3);
INSERT INTO "UV" VALUES(126,'LB14',4,3);
INSERT INTO "UV" VALUES(127,'LB24',4,3);
INSERT INTO "UV" VALUES(128,'LC14',4,3);
INSERT INTO "UV" VALUES(129,'LG30',4,3);
INSERT INTO "UV" VALUES(130,'LG31',4,3);
INSERT INTO "UV" VALUES(131,'LG40',4,3);
INSERT INTO "UV" VALUES(132,'LG41',4,3);
INSERT INTO "UV" VALUES(133,'LG42',4,3);
INSERT INTO "UV" VALUES(134,'LG50',4,3);
INSERT INTO "UV" VALUES(135,'LG51',4,3);
INSERT INTO "UV" VALUES(136,'LG52',4,3);
INSERT INTO "UV" VALUES(137,'LG60',4,3);
INSERT INTO "UV" VALUES(138,'LG61',4,3);
INSERT INTO "UV" VALUES(139,'MU01',4,3);
INSERT INTO "UV" VALUES(140,'MU02',8,3);
INSERT INTO "UV" VALUES(141,'MU03',4,3);
INSERT INTO "UV" VALUES(142,'PH01',4,3);
INSERT INTO "UV" VALUES(143,'PH09',4,3);
INSERT INTO "UV" VALUES(144,'SA11',4,3);
INSERT INTO "UV" VALUES(145,'SC01',4,3);
INSERT INTO "UV" VALUES(146,'SC11',4,3);
INSERT INTO "UV" VALUES(147,'SC12',4,3);
INSERT INTO "UV" VALUES(148,'SC21',4,3);
INSERT INTO "UV" VALUES(149,'SC22',4,3);
INSERT INTO "UV" VALUES(150,'SI01',4,3);
INSERT INTO "UV" VALUES(151,'SI02',4,3);
INSERT INTO "UV" VALUES(152,'SI05',4,3);
INSERT INTO "UV" VALUES(153,'SI06',4,3);
INSERT INTO "UV" VALUES(154,'SI07',4,3);
INSERT INTO "UV" VALUES(155,'SI11',4,3);
INSERT INTO "UV" VALUES(156,'SI14',4,3);
INSERT INTO "UV" VALUES(157,'SI20',4,3);
INSERT INTO "UV" VALUES(158,'SI22',4,3);
INSERT INTO "UV" VALUES(159,'SI24',4,3);
INSERT INTO "UV" VALUES(160,'SI28',4,3);
INSERT INTO "UV" VALUES(161,'SI90',4,3);
INSERT INTO "UV" VALUES(162,'SL',4,3);
INSERT INTO "UV" VALUES(163,'SO04',4,3);
INSERT INTO "UV" VALUES(164,'SO05',4,3);
INSERT INTO "UV" VALUES(165,'SP01',4,3);
INSERT INTO "UV" VALUES(166,'SP02',4,3);
INSERT INTO "UV" VALUES(167,'TN16',4,3);
INSERT INTO "UV" VALUES(168,'TO01',2,3);
INSERT INTO "UV" VALUES(169,'MT34',6,1);
INSERT INTO "UV" VALUES(170,'MT37',3,1);
INSERT INTO "UV" VALUES(171,'MT38',3,1);
INSERT INTO "UV" VALUES(172,'AP',6,2);
INSERT INTO "UV" VALUES(173,'API06',4,1);
INSERT INTO "UV" VALUES(174,'API07',3,2);
INSERT INTO "UV" VALUES(175,'API08',4,2);
INSERT INTO "UV" VALUES(176,'API09',4,1);
INSERT INTO "UV" VALUES(177,'API10',3,2);
INSERT INTO "UV" VALUES(178,'BA01',5,2);
INSERT INTO "UV" VALUES(179,'BA02',5,2);
INSERT INTO "UV" VALUES(180,'BA04',6,2);
INSERT INTO "UV" VALUES(181,'BA09',6,1);
INSERT INTO "UV" VALUES(182,'BI01',6,1);
INSERT INTO "UV" VALUES(183,'BL30',6,1);
INSERT INTO "UV" VALUES(184,'BL40',6,1);
INSERT INTO "UV" VALUES(185,'BM02',6,2);
INSERT INTO "UV" VALUES(186,'BM08',5,2);
INSERT INTO "UV" VALUES(187,'BT06',6,2);
INSERT INTO "UV" VALUES(188,'BT10',5,2);
INSERT INTO "UV" VALUES(189,'BT21',6,2);
INSERT INTO "UV" VALUES(190,'BT22',6,2);
INSERT INTO "UV" VALUES(191,'CM06',6,2);
INSERT INTO "UV" VALUES(192,'CM40',3,1);
INSERT INTO "UV" VALUES(193,'CT02',6,2);
INSERT INTO "UV" VALUES(194,'CT04',5,2);
INSERT INTO "UV" VALUES(195,'DI03',6,2);
INSERT INTO "UV" VALUES(196,'DI05',6,2);
INSERT INTO "UV" VALUES(197,'DI06',5,2);
INSERT INTO "UV" VALUES(198,'EG01',6,2);
INSERT INTO "UV" VALUES(199,'EN14',6,2);
INSERT INTO "UV" VALUES(200,'EV01',6,2);
INSERT INTO "UV" VALUES(201,'FPP02',3,1);
INSERT INTO "UV" VALUES(202,'FQ07',5,2);
INSERT INTO "UV" VALUES(203,'GE38',6,2);
INSERT INTO "UV" VALUES(204,'GE39',6,2);
INSERT INTO "UV" VALUES(205,'GPL01',5,2);
INSERT INTO "UV" VALUES(206,'IA04',6,2);
INSERT INTO "UV" VALUES(207,'LO17',6,2);
INSERT INTO "UV" VALUES(208,'LO18',6,2);
INSERT INTO "UV" VALUES(209,'MAT03',3,1);
INSERT INTO "UV" VALUES(210,'MB11',6,1);
INSERT INTO "UV" VALUES(211,'MC01',6,1);
INSERT INTO "UV" VALUES(212,'MC05',6,2);
INSERT INTO "UV" VALUES(213,'MC07',6,2);
INSERT INTO "UV" VALUES(214,'MEQ03',3,1);
INSERT INTO "UV" VALUES(215,'MI03',6,2);
INSERT INTO "UV" VALUES(216,'MP02',6,2);
INSERT INTO "UV" VALUES(217,'MQ02',6,1);
INSERT INTO "UV" VALUES(218,'MQ04',6,2);
INSERT INTO "UV" VALUES(219,'MQ06',6,2);
INSERT INTO "UV" VALUES(220,'MQ08',6,2);
INSERT INTO "UV" VALUES(221,'MQ09',6,2);
INSERT INTO "UV" VALUES(222,'MQ10',6,2);
INSERT INTO "UV" VALUES(223,'MQ11',6,2);
INSERT INTO "UV" VALUES(224,'MQ14',6,2);
INSERT INTO "UV" VALUES(225,'MQ19',6,2);
INSERT INTO "UV" VALUES(226,'MS02',6,2);
INSERT INTO "UV" VALUES(227,'MS03',6,2);
INSERT INTO "UV" VALUES(228,'NF11',6,1);
INSERT INTO "UV" VALUES(229,'NF24',6,2);
INSERT INTO "UV" VALUES(230,'NF26',6,2);
INSERT INTO "UV" VALUES(231,'NF28',6,2);
INSERT INTO "UV" VALUES(232,'NF33',6,2);
INSERT INTO "UV" VALUES(233,'PS05',6,1);
INSERT INTO "UV" VALUES(234,'RO04',6,1);
INSERT INTO "UV" VALUES(235,'SCI08',6,2);
INSERT INTO "UV" VALUES(236,'SR03',6,2);
INSERT INTO "UV" VALUES(237,'SY05',6,2);
INSERT INTO "UV" VALUES(238,'SY06',6,1);
INSERT INTO "UV" VALUES(239,'SY09',6,1);
INSERT INTO "UV" VALUES(240,'SY12',6,2);
INSERT INTO "UV" VALUES(241,'SY15',6,1);
INSERT INTO "UV" VALUES(242,'SY26',6,2);
INSERT INTO "UV" VALUES(243,'TA02',6,2);
INSERT INTO "UV" VALUES(244,'TF07',6,2);
INSERT INTO "UV" VALUES(245,'TF08',6,2);
INSERT INTO "UV" VALUES(246,'TMI01',5,2);
INSERT INTO "UV" VALUES(247,'TMI05',3,2);
INSERT INTO "UV" VALUES(248,'TN12',6,2);
INSERT INTO "UV" VALUES(249,'TN13',6,2);
INSERT INTO "UV" VALUES(250,'TN15',6,2);
INSERT INTO "UV" VALUES(251,'TN24',6,2);
INSERT INTO "UV" VALUES(252,'TN29',6,2);
INSERT INTO "UV" VALUES(253,'TN30',3,2);
INSERT INTO "UV" VALUES(254,'UB02',5,2);
INSERT INTO "UV" VALUES(255,'UB06',5,2);
INSERT INTO "UV" VALUES(256,'UB08',6,1);
INSERT INTO "UV" VALUES(257,'UR01',5,2);
INSERT INTO "UV" VALUES(258,'UXD01',6,2);
CREATE TABLE UVCursus (id INTEGER PRIMARY KEY, idUV INTEGER, idCursus INTEGER);
INSERT INTO "UVCursus" VALUES(1,1,1);
INSERT INTO "UVCursus" VALUES(2,2,1);
INSERT INTO "UVCursus" VALUES(3,2,10);
INSERT INTO "UVCursus" VALUES(4,3,10);
INSERT INTO "UVCursus" VALUES(5,3,11);
INSERT INTO "UVCursus" VALUES(6,3,12);
INSERT INTO "UVCursus" VALUES(7,3,13);
INSERT INTO "UVCursus" VALUES(8,4,1);
INSERT INTO "UVCursus" VALUES(9,5,1);
INSERT INTO "UVCursus" VALUES(10,6,1);
INSERT INTO "UVCursus" VALUES(11,7,1);
INSERT INTO "UVCursus" VALUES(12,8,10);
INSERT INTO "UVCursus" VALUES(13,8,11);
INSERT INTO "UVCursus" VALUES(14,8,14);
INSERT INTO "UVCursus" VALUES(15,9,15);
INSERT INTO "UVCursus" VALUES(16,10,1);
INSERT INTO "UVCursus" VALUES(17,10,10);
INSERT INTO "UVCursus" VALUES(18,10,15);
INSERT INTO "UVCursus" VALUES(19,11,16);
INSERT INTO "UVCursus" VALUES(20,12,11);
INSERT INTO "UVCursus" VALUES(21,12,15);
INSERT INTO "UVCursus" VALUES(22,12,17);
INSERT INTO "UVCursus" VALUES(23,12,18);
INSERT INTO "UVCursus" VALUES(24,13,15);
INSERT INTO "UVCursus" VALUES(25,13,17);
INSERT INTO "UVCursus" VALUES(26,14,15);
INSERT INTO "UVCursus" VALUES(27,14,17);
INSERT INTO "UVCursus" VALUES(28,14,19);
INSERT INTO "UVCursus" VALUES(29,15,15);
INSERT INTO "UVCursus" VALUES(30,15,17);
INSERT INTO "UVCursus" VALUES(31,15,20);
INSERT INTO "UVCursus" VALUES(32,16,16);
INSERT INTO "UVCursus" VALUES(33,17,10);
INSERT INTO "UVCursus" VALUES(34,17,15);
INSERT INTO "UVCursus" VALUES(35,17,16);
INSERT INTO "UVCursus" VALUES(36,17,17);
INSERT INTO "UVCursus" VALUES(37,17,18);
INSERT INTO "UVCursus" VALUES(38,18,1);
INSERT INTO "UVCursus" VALUES(39,19,1);
INSERT INTO "UVCursus" VALUES(40,20,1);
INSERT INTO "UVCursus" VALUES(41,21,1);
INSERT INTO "UVCursus" VALUES(42,22,15);
INSERT INTO "UVCursus" VALUES(43,22,17);
INSERT INTO "UVCursus" VALUES(44,22,18);
INSERT INTO "UVCursus" VALUES(45,22,20);
INSERT INTO "UVCursus" VALUES(46,22,21);
INSERT INTO "UVCursus" VALUES(47,22,22);
INSERT INTO "UVCursus" VALUES(48,22,23);
INSERT INTO "UVCursus" VALUES(49,23,10);
INSERT INTO "UVCursus" VALUES(50,23,16);
INSERT INTO "UVCursus" VALUES(51,23,24);
INSERT INTO "UVCursus" VALUES(52,24,1);
INSERT INTO "UVCursus" VALUES(53,25,1);
INSERT INTO "UVCursus" VALUES(54,26,1);
INSERT INTO "UVCursus" VALUES(55,27,1);
INSERT INTO "UVCursus" VALUES(56,28,1);
INSERT INTO "UVCursus" VALUES(57,29,16);
INSERT INTO "UVCursus" VALUES(58,29,18);
INSERT INTO "UVCursus" VALUES(59,29,25);
INSERT INTO "UVCursus" VALUES(60,30,11);
INSERT INTO "UVCursus" VALUES(61,31,16);
INSERT INTO "UVCursus" VALUES(62,32,1);
INSERT INTO "UVCursus" VALUES(63,33,10);
INSERT INTO "UVCursus" VALUES(64,33,15);
INSERT INTO "UVCursus" VALUES(65,33,16);
INSERT INTO "UVCursus" VALUES(66,33,18);
INSERT INTO "UVCursus" VALUES(67,33,26);
INSERT INTO "UVCursus" VALUES(68,34,15);
INSERT INTO "UVCursus" VALUES(69,34,17);
INSERT INTO "UVCursus" VALUES(70,35,16);
INSERT INTO "UVCursus" VALUES(71,36,11);
INSERT INTO "UVCursus" VALUES(72,36,15);
INSERT INTO "UVCursus" VALUES(73,36,17);
INSERT INTO "UVCursus" VALUES(74,37,11);
INSERT INTO "UVCursus" VALUES(75,37,18);
INSERT INTO "UVCursus" VALUES(76,38,1);
INSERT INTO "UVCursus" VALUES(77,39,18);
INSERT INTO "UVCursus" VALUES(78,40,1);
INSERT INTO "UVCursus" VALUES(79,41,10);
INSERT INTO "UVCursus" VALUES(80,41,24);
INSERT INTO "UVCursus" VALUES(81,42,10);
INSERT INTO "UVCursus" VALUES(82,42,12);
INSERT INTO "UVCursus" VALUES(83,42,13);
INSERT INTO "UVCursus" VALUES(84,43,1);
INSERT INTO "UVCursus" VALUES(85,43,10);
INSERT INTO "UVCursus" VALUES(86,43,11);
INSERT INTO "UVCursus" VALUES(87,43,12);
INSERT INTO "UVCursus" VALUES(88,43,13);
INSERT INTO "UVCursus" VALUES(89,43,15);
INSERT INTO "UVCursus" VALUES(90,43,16);
INSERT INTO "UVCursus" VALUES(91,43,17);
INSERT INTO "UVCursus" VALUES(92,43,18);
INSERT INTO "UVCursus" VALUES(93,43,27);
INSERT INTO "UVCursus" VALUES(94,44,11);
INSERT INTO "UVCursus" VALUES(95,44,12);
INSERT INTO "UVCursus" VALUES(96,44,13);
INSERT INTO "UVCursus" VALUES(97,45,17);
INSERT INTO "UVCursus" VALUES(98,46,15);
INSERT INTO "UVCursus" VALUES(99,46,20);
INSERT INTO "UVCursus" VALUES(100,47,10);
INSERT INTO "UVCursus" VALUES(101,47,11);
INSERT INTO "UVCursus" VALUES(102,47,15);
INSERT INTO "UVCursus" VALUES(103,47,16);
INSERT INTO "UVCursus" VALUES(104,47,17);
INSERT INTO "UVCursus" VALUES(105,47,18);
INSERT INTO "UVCursus" VALUES(106,48,2);
INSERT INTO "UVCursus" VALUES(107,48,8);
INSERT INTO "UVCursus" VALUES(108,48,10);
INSERT INTO "UVCursus" VALUES(109,48,11);
INSERT INTO "UVCursus" VALUES(110,48,15);
INSERT INTO "UVCursus" VALUES(111,48,16);
INSERT INTO "UVCursus" VALUES(112,48,17);
INSERT INTO "UVCursus" VALUES(113,48,18);
INSERT INTO "UVCursus" VALUES(114,48,28);
INSERT INTO "UVCursus" VALUES(115,48,29);
INSERT INTO "UVCursus" VALUES(116,48,30);
INSERT INTO "UVCursus" VALUES(117,48,31);
INSERT INTO "UVCursus" VALUES(118,49,2);
INSERT INTO "UVCursus" VALUES(119,49,8);
INSERT INTO "UVCursus" VALUES(120,49,10);
INSERT INTO "UVCursus" VALUES(121,49,11);
INSERT INTO "UVCursus" VALUES(122,49,15);
INSERT INTO "UVCursus" VALUES(123,49,17);
INSERT INTO "UVCursus" VALUES(124,49,18);
INSERT INTO "UVCursus" VALUES(125,49,28);
INSERT INTO "UVCursus" VALUES(126,49,29);
INSERT INTO "UVCursus" VALUES(127,49,30);
INSERT INTO "UVCursus" VALUES(128,49,31);
INSERT INTO "UVCursus" VALUES(129,50,16);
INSERT INTO "UVCursus" VALUES(130,51,16);
INSERT INTO "UVCursus" VALUES(131,52,1);
INSERT INTO "UVCursus" VALUES(132,53,1);
INSERT INTO "UVCursus" VALUES(133,54,10);
INSERT INTO "UVCursus" VALUES(134,54,15);
INSERT INTO "UVCursus" VALUES(135,54,24);
INSERT INTO "UVCursus" VALUES(136,55,10);
INSERT INTO "UVCursus" VALUES(137,55,15);
INSERT INTO "UVCursus" VALUES(138,55,17);
INSERT INTO "UVCursus" VALUES(139,55,20);
INSERT INTO "UVCursus" VALUES(140,55,24);
INSERT INTO "UVCursus" VALUES(141,56,10);
INSERT INTO "UVCursus" VALUES(142,56,11);
INSERT INTO "UVCursus" VALUES(143,56,15);
INSERT INTO "UVCursus" VALUES(144,56,16);
INSERT INTO "UVCursus" VALUES(145,56,17);
INSERT INTO "UVCursus" VALUES(146,56,18);
INSERT INTO "UVCursus" VALUES(147,57,10);
INSERT INTO "UVCursus" VALUES(148,57,11);
INSERT INTO "UVCursus" VALUES(149,57,15);
INSERT INTO "UVCursus" VALUES(150,57,17);
INSERT INTO "UVCursus" VALUES(151,57,18);
INSERT INTO "UVCursus" VALUES(152,58,1);
INSERT INTO "UVCursus" VALUES(153,59,1);
INSERT INTO "UVCursus" VALUES(154,60,17);
INSERT INTO "UVCursus" VALUES(155,60,18);
INSERT INTO "UVCursus" VALUES(156,61,1);
INSERT INTO "UVCursus" VALUES(157,61,10);
INSERT INTO "UVCursus" VALUES(158,61,11);
INSERT INTO "UVCursus" VALUES(159,61,15);
INSERT INTO "UVCursus" VALUES(160,61,16);
INSERT INTO "UVCursus" VALUES(161,61,17);
INSERT INTO "UVCursus" VALUES(162,61,18);
INSERT INTO "UVCursus" VALUES(163,62,15);
INSERT INTO "UVCursus" VALUES(164,62,18);
INSERT INTO "UVCursus" VALUES(165,62,23);
INSERT INTO "UVCursus" VALUES(166,63,1);
INSERT INTO "UVCursus" VALUES(167,64,10);
INSERT INTO "UVCursus" VALUES(168,64,11);
INSERT INTO "UVCursus" VALUES(169,65,1);
INSERT INTO "UVCursus" VALUES(170,66,1);
INSERT INTO "UVCursus" VALUES(171,66,15);
INSERT INTO "UVCursus" VALUES(172,66,17);
INSERT INTO "UVCursus" VALUES(173,67,1);
INSERT INTO "UVCursus" VALUES(174,68,1);
INSERT INTO "UVCursus" VALUES(175,69,15);
INSERT INTO "UVCursus" VALUES(176,69,32);
INSERT INTO "UVCursus" VALUES(177,70,15);
INSERT INTO "UVCursus" VALUES(178,70,17);
INSERT INTO "UVCursus" VALUES(179,70,23);
INSERT INTO "UVCursus" VALUES(180,71,15);
INSERT INTO "UVCursus" VALUES(181,71,17);
INSERT INTO "UVCursus" VALUES(182,72,1);
INSERT INTO "UVCursus" VALUES(183,73,10);
INSERT INTO "UVCursus" VALUES(184,73,11);
INSERT INTO "UVCursus" VALUES(185,74,1);
INSERT INTO "UVCursus" VALUES(186,74,10);
INSERT INTO "UVCursus" VALUES(187,74,11);
INSERT INTO "UVCursus" VALUES(188,74,15);
INSERT INTO "UVCursus" VALUES(189,74,16);
INSERT INTO "UVCursus" VALUES(190,74,17);
INSERT INTO "UVCursus" VALUES(191,74,18);
INSERT INTO "UVCursus" VALUES(192,75,18);
INSERT INTO "UVCursus" VALUES(193,76,18);
INSERT INTO "UVCursus" VALUES(194,77,18);
INSERT INTO "UVCursus" VALUES(195,78,1);
INSERT INTO "UVCursus" VALUES(196,78,10);
INSERT INTO "UVCursus" VALUES(197,78,11);
INSERT INTO "UVCursus" VALUES(198,78,15);
INSERT INTO "UVCursus" VALUES(199,78,16);
INSERT INTO "UVCursus" VALUES(200,78,17);
INSERT INTO "UVCursus" VALUES(201,78,18);
INSERT INTO "UVCursus" VALUES(202,78,27);
INSERT INTO "UVCursus" VALUES(203,79,1);
INSERT INTO "UVCursus" VALUES(204,79,10);
INSERT INTO "UVCursus" VALUES(205,79,11);
INSERT INTO "UVCursus" VALUES(206,79,15);
INSERT INTO "UVCursus" VALUES(207,79,16);
INSERT INTO "UVCursus" VALUES(208,79,17);
INSERT INTO "UVCursus" VALUES(209,79,18);
INSERT INTO "UVCursus" VALUES(210,79,27);
INSERT INTO "UVCursus" VALUES(211,80,1);
INSERT INTO "UVCursus" VALUES(212,80,10);
INSERT INTO "UVCursus" VALUES(213,80,11);
INSERT INTO "UVCursus" VALUES(214,80,15);
INSERT INTO "UVCursus" VALUES(215,80,16);
INSERT INTO "UVCursus" VALUES(216,80,17);
INSERT INTO "UVCursus" VALUES(217,80,18);
INSERT INTO "UVCursus" VALUES(218,80,27);
INSERT INTO "UVCursus" VALUES(219,81,1);
INSERT INTO "UVCursus" VALUES(220,81,10);
INSERT INTO "UVCursus" VALUES(221,81,11);
INSERT INTO "UVCursus" VALUES(222,81,15);
INSERT INTO "UVCursus" VALUES(223,81,16);
INSERT INTO "UVCursus" VALUES(224,81,17);
INSERT INTO "UVCursus" VALUES(225,81,18);
INSERT INTO "UVCursus" VALUES(226,81,27);
INSERT INTO "UVCursus" VALUES(227,82,1);
INSERT INTO "UVCursus" VALUES(228,82,10);
INSERT INTO "UVCursus" VALUES(229,82,11);
INSERT INTO "UVCursus" VALUES(230,82,15);
INSERT INTO "UVCursus" VALUES(231,82,16);
INSERT INTO "UVCursus" VALUES(232,82,17);
INSERT INTO "UVCursus" VALUES(233,82,18);
INSERT INTO "UVCursus" VALUES(234,82,27);
INSERT INTO "UVCursus" VALUES(235,83,1);
INSERT INTO "UVCursus" VALUES(236,83,10);
INSERT INTO "UVCursus" VALUES(237,83,11);
INSERT INTO "UVCursus" VALUES(238,83,15);
INSERT INTO "UVCursus" VALUES(239,83,16);
INSERT INTO "UVCursus" VALUES(240,83,17);
INSERT INTO "UVCursus" VALUES(241,83,18);
INSERT INTO "UVCursus" VALUES(242,83,27);
INSERT INTO "UVCursus" VALUES(243,84,1);
INSERT INTO "UVCursus" VALUES(244,84,10);
INSERT INTO "UVCursus" VALUES(245,84,11);
INSERT INTO "UVCursus" VALUES(246,84,15);
INSERT INTO "UVCursus" VALUES(247,84,16);
INSERT INTO "UVCursus" VALUES(248,84,17);
INSERT INTO "UVCursus" VALUES(249,84,18);
INSERT INTO "UVCursus" VALUES(250,84,27);
INSERT INTO "UVCursus" VALUES(251,85,1);
INSERT INTO "UVCursus" VALUES(252,85,10);
INSERT INTO "UVCursus" VALUES(253,85,11);
INSERT INTO "UVCursus" VALUES(254,85,15);
INSERT INTO "UVCursus" VALUES(255,85,16);
INSERT INTO "UVCursus" VALUES(256,85,17);
INSERT INTO "UVCursus" VALUES(257,85,18);
INSERT INTO "UVCursus" VALUES(258,85,27);
INSERT INTO "UVCursus" VALUES(259,86,1);
INSERT INTO "UVCursus" VALUES(260,86,10);
INSERT INTO "UVCursus" VALUES(261,86,11);
INSERT INTO "UVCursus" VALUES(262,86,15);
INSERT INTO "UVCursus" VALUES(263,86,16);
INSERT INTO "UVCursus" VALUES(264,86,17);
INSERT INTO "UVCursus" VALUES(265,86,18);
INSERT INTO "UVCursus" VALUES(266,86,27);
INSERT INTO "UVCursus" VALUES(267,87,1);
INSERT INTO "UVCursus" VALUES(268,87,10);
INSERT INTO "UVCursus" VALUES(269,87,11);
INSERT INTO "UVCursus" VALUES(270,87,15);
INSERT INTO "UVCursus" VALUES(271,87,16);
INSERT INTO "UVCursus" VALUES(272,87,17);
INSERT INTO "UVCursus" VALUES(273,87,18);
INSERT INTO "UVCursus" VALUES(274,87,27);
INSERT INTO "UVCursus" VALUES(275,88,1);
INSERT INTO "UVCursus" VALUES(276,88,10);
INSERT INTO "UVCursus" VALUES(277,88,11);
INSERT INTO "UVCursus" VALUES(278,88,15);
INSERT INTO "UVCursus" VALUES(279,88,16);
INSERT INTO "UVCursus" VALUES(280,88,17);
INSERT INTO "UVCursus" VALUES(281,88,18);
INSERT INTO "UVCursus" VALUES(282,88,27);
INSERT INTO "UVCursus" VALUES(283,89,1);
INSERT INTO "UVCursus" VALUES(284,89,10);
INSERT INTO "UVCursus" VALUES(285,89,11);
INSERT INTO "UVCursus" VALUES(286,89,15);
INSERT INTO "UVCursus" VALUES(287,89,16);
INSERT INTO "UVCursus" VALUES(288,89,17);
INSERT INTO "UVCursus" VALUES(289,89,18);
INSERT INTO "UVCursus" VALUES(290,89,27);
INSERT INTO "UVCursus" VALUES(291,90,1);
INSERT INTO "UVCursus" VALUES(292,90,10);
INSERT INTO "UVCursus" VALUES(293,90,11);
INSERT INTO "UVCursus" VALUES(294,90,15);
INSERT INTO "UVCursus" VALUES(295,90,16);
INSERT INTO "UVCursus" VALUES(296,90,17);
INSERT INTO "UVCursus" VALUES(297,90,18);
INSERT INTO "UVCursus" VALUES(298,90,27);
INSERT INTO "UVCursus" VALUES(299,91,1);
INSERT INTO "UVCursus" VALUES(300,91,10);
INSERT INTO "UVCursus" VALUES(301,91,11);
INSERT INTO "UVCursus" VALUES(302,91,15);
INSERT INTO "UVCursus" VALUES(303,91,16);
INSERT INTO "UVCursus" VALUES(304,91,17);
INSERT INTO "UVCursus" VALUES(305,91,18);
INSERT INTO "UVCursus" VALUES(306,91,27);
INSERT INTO "UVCursus" VALUES(307,92,1);
INSERT INTO "UVCursus" VALUES(308,92,10);
INSERT INTO "UVCursus" VALUES(309,92,11);
INSERT INTO "UVCursus" VALUES(310,92,15);
INSERT INTO "UVCursus" VALUES(311,92,16);
INSERT INTO "UVCursus" VALUES(312,92,17);
INSERT INTO "UVCursus" VALUES(313,92,18);
INSERT INTO "UVCursus" VALUES(314,92,27);
INSERT INTO "UVCursus" VALUES(315,93,1);
INSERT INTO "UVCursus" VALUES(316,93,10);
INSERT INTO "UVCursus" VALUES(317,93,11);
INSERT INTO "UVCursus" VALUES(318,93,15);
INSERT INTO "UVCursus" VALUES(319,93,16);
INSERT INTO "UVCursus" VALUES(320,93,17);
INSERT INTO "UVCursus" VALUES(321,93,18);
INSERT INTO "UVCursus" VALUES(322,93,27);
INSERT INTO "UVCursus" VALUES(323,94,1);
INSERT INTO "UVCursus" VALUES(324,94,10);
INSERT INTO "UVCursus" VALUES(325,94,11);
INSERT INTO "UVCursus" VALUES(326,94,15);
INSERT INTO "UVCursus" VALUES(327,94,16);
INSERT INTO "UVCursus" VALUES(328,94,17);
INSERT INTO "UVCursus" VALUES(329,94,18);
INSERT INTO "UVCursus" VALUES(330,94,27);
INSERT INTO "UVCursus" VALUES(331,95,1);
INSERT INTO "UVCursus" VALUES(332,95,10);
INSERT INTO "UVCursus" VALUES(333,95,11);
INSERT INTO "UVCursus" VALUES(334,95,15);
INSERT INTO "UVCursus" VALUES(335,95,16);
INSERT INTO "UVCursus" VALUES(336,95,17);
INSERT INTO "UVCursus" VALUES(337,95,18);
INSERT INTO "UVCursus" VALUES(338,95,27);
INSERT INTO "UVCursus" VALUES(339,96,1);
INSERT INTO "UVCursus" VALUES(340,96,10);
INSERT INTO "UVCursus" VALUES(341,96,11);
INSERT INTO "UVCursus" VALUES(342,96,15);
INSERT INTO "UVCursus" VALUES(343,96,16);
INSERT INTO "UVCursus" VALUES(344,96,17);
INSERT INTO "UVCursus" VALUES(345,96,18);
INSERT INTO "UVCursus" VALUES(346,96,27);
INSERT INTO "UVCursus" VALUES(347,97,1);
INSERT INTO "UVCursus" VALUES(348,97,10);
INSERT INTO "UVCursus" VALUES(349,97,11);
INSERT INTO "UVCursus" VALUES(350,97,15);
INSERT INTO "UVCursus" VALUES(351,97,16);
INSERT INTO "UVCursus" VALUES(352,97,17);
INSERT INTO "UVCursus" VALUES(353,97,18);
INSERT INTO "UVCursus" VALUES(354,97,27);
INSERT INTO "UVCursus" VALUES(355,98,1);
INSERT INTO "UVCursus" VALUES(356,98,10);
INSERT INTO "UVCursus" VALUES(357,98,11);
INSERT INTO "UVCursus" VALUES(358,98,15);
INSERT INTO "UVCursus" VALUES(359,98,16);
INSERT INTO "UVCursus" VALUES(360,98,17);
INSERT INTO "UVCursus" VALUES(361,98,18);
INSERT INTO "UVCursus" VALUES(362,98,27);
INSERT INTO "UVCursus" VALUES(363,99,1);
INSERT INTO "UVCursus" VALUES(364,99,10);
INSERT INTO "UVCursus" VALUES(365,99,11);
INSERT INTO "UVCursus" VALUES(366,99,15);
INSERT INTO "UVCursus" VALUES(367,99,16);
INSERT INTO "UVCursus" VALUES(368,99,17);
INSERT INTO "UVCursus" VALUES(369,99,18);
INSERT INTO "UVCursus" VALUES(370,99,27);
INSERT INTO "UVCursus" VALUES(371,100,1);
INSERT INTO "UVCursus" VALUES(372,100,10);
INSERT INTO "UVCursus" VALUES(373,100,11);
INSERT INTO "UVCursus" VALUES(374,100,15);
INSERT INTO "UVCursus" VALUES(375,100,16);
INSERT INTO "UVCursus" VALUES(376,100,17);
INSERT INTO "UVCursus" VALUES(377,100,18);
INSERT INTO "UVCursus" VALUES(378,100,27);
INSERT INTO "UVCursus" VALUES(379,101,1);
INSERT INTO "UVCursus" VALUES(380,101,10);
INSERT INTO "UVCursus" VALUES(381,101,11);
INSERT INTO "UVCursus" VALUES(382,101,15);
INSERT INTO "UVCursus" VALUES(383,101,16);
INSERT INTO "UVCursus" VALUES(384,101,17);
INSERT INTO "UVCursus" VALUES(385,101,18);
INSERT INTO "UVCursus" VALUES(386,101,27);
INSERT INTO "UVCursus" VALUES(387,102,1);
INSERT INTO "UVCursus" VALUES(388,102,10);
INSERT INTO "UVCursus" VALUES(389,102,11);
INSERT INTO "UVCursus" VALUES(390,102,15);
INSERT INTO "UVCursus" VALUES(391,102,16);
INSERT INTO "UVCursus" VALUES(392,102,17);
INSERT INTO "UVCursus" VALUES(393,102,18);
INSERT INTO "UVCursus" VALUES(394,102,27);
INSERT INTO "UVCursus" VALUES(395,103,1);
INSERT INTO "UVCursus" VALUES(396,103,10);
INSERT INTO "UVCursus" VALUES(397,103,11);
INSERT INTO "UVCursus" VALUES(398,103,15);
INSERT INTO "UVCursus" VALUES(399,103,16);
INSERT INTO "UVCursus" VALUES(400,103,17);
INSERT INTO "UVCursus" VALUES(401,103,18);
INSERT INTO "UVCursus" VALUES(402,103,27);
INSERT INTO "UVCursus" VALUES(403,104,1);
INSERT INTO "UVCursus" VALUES(404,104,10);
INSERT INTO "UVCursus" VALUES(405,104,11);
INSERT INTO "UVCursus" VALUES(406,104,15);
INSERT INTO "UVCursus" VALUES(407,104,16);
INSERT INTO "UVCursus" VALUES(408,104,17);
INSERT INTO "UVCursus" VALUES(409,104,18);
INSERT INTO "UVCursus" VALUES(410,104,27);
INSERT INTO "UVCursus" VALUES(411,105,1);
INSERT INTO "UVCursus" VALUES(412,105,10);
INSERT INTO "UVCursus" VALUES(413,105,11);
INSERT INTO "UVCursus" VALUES(414,105,15);
INSERT INTO "UVCursus" VALUES(415,105,16);
INSERT INTO "UVCursus" VALUES(416,105,17);
INSERT INTO "UVCursus" VALUES(417,105,18);
INSERT INTO "UVCursus" VALUES(418,105,27);
INSERT INTO "UVCursus" VALUES(419,106,1);
INSERT INTO "UVCursus" VALUES(420,106,10);
INSERT INTO "UVCursus" VALUES(421,106,11);
INSERT INTO "UVCursus" VALUES(422,106,15);
INSERT INTO "UVCursus" VALUES(423,106,16);
INSERT INTO "UVCursus" VALUES(424,106,17);
INSERT INTO "UVCursus" VALUES(425,106,18);
INSERT INTO "UVCursus" VALUES(426,106,27);
INSERT INTO "UVCursus" VALUES(427,107,1);
INSERT INTO "UVCursus" VALUES(428,107,10);
INSERT INTO "UVCursus" VALUES(429,107,11);
INSERT INTO "UVCursus" VALUES(430,107,15);
INSERT INTO "UVCursus" VALUES(431,107,16);
INSERT INTO "UVCursus" VALUES(432,107,17);
INSERT INTO "UVCursus" VALUES(433,107,18);
INSERT INTO "UVCursus" VALUES(434,107,27);
INSERT INTO "UVCursus" VALUES(435,108,1);
INSERT INTO "UVCursus" VALUES(436,108,10);
INSERT INTO "UVCursus" VALUES(437,108,11);
INSERT INTO "UVCursus" VALUES(438,108,15);
INSERT INTO "UVCursus" VALUES(439,108,16);
INSERT INTO "UVCursus" VALUES(440,108,17);
INSERT INTO "UVCursus" VALUES(441,108,18);
INSERT INTO "UVCursus" VALUES(442,108,27);
INSERT INTO "UVCursus" VALUES(443,109,1);
INSERT INTO "UVCursus" VALUES(444,109,10);
INSERT INTO "UVCursus" VALUES(445,109,11);
INSERT INTO "UVCursus" VALUES(446,109,15);
INSERT INTO "UVCursus" VALUES(447,109,16);
INSERT INTO "UVCursus" VALUES(448,109,17);
INSERT INTO "UVCursus" VALUES(449,109,18);
INSERT INTO "UVCursus" VALUES(450,109,27);
INSERT INTO "UVCursus" VALUES(451,110,1);
INSERT INTO "UVCursus" VALUES(452,110,10);
INSERT INTO "UVCursus" VALUES(453,110,11);
INSERT INTO "UVCursus" VALUES(454,110,15);
INSERT INTO "UVCursus" VALUES(455,110,16);
INSERT INTO "UVCursus" VALUES(456,110,17);
INSERT INTO "UVCursus" VALUES(457,110,18);
INSERT INTO "UVCursus" VALUES(458,110,27);
INSERT INTO "UVCursus" VALUES(459,111,1);
INSERT INTO "UVCursus" VALUES(460,111,10);
INSERT INTO "UVCursus" VALUES(461,111,11);
INSERT INTO "UVCursus" VALUES(462,111,15);
INSERT INTO "UVCursus" VALUES(463,111,16);
INSERT INTO "UVCursus" VALUES(464,111,17);
INSERT INTO "UVCursus" VALUES(465,111,18);
INSERT INTO "UVCursus" VALUES(466,111,27);
INSERT INTO "UVCursus" VALUES(467,112,1);
INSERT INTO "UVCursus" VALUES(468,112,10);
INSERT INTO "UVCursus" VALUES(469,112,11);
INSERT INTO "UVCursus" VALUES(470,112,15);
INSERT INTO "UVCursus" VALUES(471,112,16);
INSERT INTO "UVCursus" VALUES(472,112,17);
INSERT INTO "UVCursus" VALUES(473,112,18);
INSERT INTO "UVCursus" VALUES(474,112,27);
INSERT INTO "UVCursus" VALUES(475,113,1);
INSERT INTO "UVCursus" VALUES(476,113,10);
INSERT INTO "UVCursus" VALUES(477,113,11);
INSERT INTO "UVCursus" VALUES(478,113,15);
INSERT INTO "UVCursus" VALUES(479,113,16);
INSERT INTO "UVCursus" VALUES(480,113,17);
INSERT INTO "UVCursus" VALUES(481,113,18);
INSERT INTO "UVCursus" VALUES(482,113,27);
INSERT INTO "UVCursus" VALUES(483,114,1);
INSERT INTO "UVCursus" VALUES(484,114,10);
INSERT INTO "UVCursus" VALUES(485,114,11);
INSERT INTO "UVCursus" VALUES(486,114,15);
INSERT INTO "UVCursus" VALUES(487,114,16);
INSERT INTO "UVCursus" VALUES(488,114,17);
INSERT INTO "UVCursus" VALUES(489,114,18);
INSERT INTO "UVCursus" VALUES(490,114,27);
INSERT INTO "UVCursus" VALUES(491,115,1);
INSERT INTO "UVCursus" VALUES(492,115,10);
INSERT INTO "UVCursus" VALUES(493,115,11);
INSERT INTO "UVCursus" VALUES(494,115,15);
INSERT INTO "UVCursus" VALUES(495,115,16);
INSERT INTO "UVCursus" VALUES(496,115,17);
INSERT INTO "UVCursus" VALUES(497,115,18);
INSERT INTO "UVCursus" VALUES(498,115,27);
INSERT INTO "UVCursus" VALUES(499,116,1);
INSERT INTO "UVCursus" VALUES(500,116,10);
INSERT INTO "UVCursus" VALUES(501,116,11);
INSERT INTO "UVCursus" VALUES(502,116,15);
INSERT INTO "UVCursus" VALUES(503,116,16);
INSERT INTO "UVCursus" VALUES(504,116,17);
INSERT INTO "UVCursus" VALUES(505,116,18);
INSERT INTO "UVCursus" VALUES(506,116,27);
INSERT INTO "UVCursus" VALUES(507,117,1);
INSERT INTO "UVCursus" VALUES(508,117,10);
INSERT INTO "UVCursus" VALUES(509,117,11);
INSERT INTO "UVCursus" VALUES(510,117,15);
INSERT INTO "UVCursus" VALUES(511,117,16);
INSERT INTO "UVCursus" VALUES(512,117,17);
INSERT INTO "UVCursus" VALUES(513,117,18);
INSERT INTO "UVCursus" VALUES(514,117,27);
INSERT INTO "UVCursus" VALUES(515,118,1);
INSERT INTO "UVCursus" VALUES(516,118,10);
INSERT INTO "UVCursus" VALUES(517,118,11);
INSERT INTO "UVCursus" VALUES(518,118,15);
INSERT INTO "UVCursus" VALUES(519,118,16);
INSERT INTO "UVCursus" VALUES(520,118,17);
INSERT INTO "UVCursus" VALUES(521,118,18);
INSERT INTO "UVCursus" VALUES(522,118,27);
INSERT INTO "UVCursus" VALUES(523,119,1);
INSERT INTO "UVCursus" VALUES(524,119,10);
INSERT INTO "UVCursus" VALUES(525,119,11);
INSERT INTO "UVCursus" VALUES(526,119,15);
INSERT INTO "UVCursus" VALUES(527,119,16);
INSERT INTO "UVCursus" VALUES(528,119,17);
INSERT INTO "UVCursus" VALUES(529,119,18);
INSERT INTO "UVCursus" VALUES(530,119,27);
INSERT INTO "UVCursus" VALUES(531,120,1);
INSERT INTO "UVCursus" VALUES(532,120,10);
INSERT INTO "UVCursus" VALUES(533,120,11);
INSERT INTO "UVCursus" VALUES(534,120,15);
INSERT INTO "UVCursus" VALUES(535,120,16);
INSERT INTO "UVCursus" VALUES(536,120,17);
INSERT INTO "UVCursus" VALUES(537,120,18);
INSERT INTO "UVCursus" VALUES(538,120,27);
INSERT INTO "UVCursus" VALUES(539,121,1);
INSERT INTO "UVCursus" VALUES(540,121,10);
INSERT INTO "UVCursus" VALUES(541,121,11);
INSERT INTO "UVCursus" VALUES(542,121,15);
INSERT INTO "UVCursus" VALUES(543,121,16);
INSERT INTO "UVCursus" VALUES(544,121,17);
INSERT INTO "UVCursus" VALUES(545,121,18);
INSERT INTO "UVCursus" VALUES(546,121,27);
INSERT INTO "UVCursus" VALUES(547,122,1);
INSERT INTO "UVCursus" VALUES(548,122,10);
INSERT INTO "UVCursus" VALUES(549,122,11);
INSERT INTO "UVCursus" VALUES(550,122,15);
INSERT INTO "UVCursus" VALUES(551,122,16);
INSERT INTO "UVCursus" VALUES(552,122,17);
INSERT INTO "UVCursus" VALUES(553,122,18);
INSERT INTO "UVCursus" VALUES(554,122,27);
INSERT INTO "UVCursus" VALUES(555,123,1);
INSERT INTO "UVCursus" VALUES(556,123,10);
INSERT INTO "UVCursus" VALUES(557,123,11);
INSERT INTO "UVCursus" VALUES(558,123,15);
INSERT INTO "UVCursus" VALUES(559,123,16);
INSERT INTO "UVCursus" VALUES(560,123,17);
INSERT INTO "UVCursus" VALUES(561,123,18);
INSERT INTO "UVCursus" VALUES(562,123,27);
INSERT INTO "UVCursus" VALUES(563,124,1);
INSERT INTO "UVCursus" VALUES(564,124,10);
INSERT INTO "UVCursus" VALUES(565,124,11);
INSERT INTO "UVCursus" VALUES(566,124,15);
INSERT INTO "UVCursus" VALUES(567,124,16);
INSERT INTO "UVCursus" VALUES(568,124,17);
INSERT INTO "UVCursus" VALUES(569,124,18);
INSERT INTO "UVCursus" VALUES(570,124,27);
INSERT INTO "UVCursus" VALUES(571,125,1);
INSERT INTO "UVCursus" VALUES(572,125,10);
INSERT INTO "UVCursus" VALUES(573,125,11);
INSERT INTO "UVCursus" VALUES(574,125,15);
INSERT INTO "UVCursus" VALUES(575,125,16);
INSERT INTO "UVCursus" VALUES(576,125,17);
INSERT INTO "UVCursus" VALUES(577,125,18);
INSERT INTO "UVCursus" VALUES(578,125,27);
INSERT INTO "UVCursus" VALUES(579,126,1);
INSERT INTO "UVCursus" VALUES(580,126,10);
INSERT INTO "UVCursus" VALUES(581,126,11);
INSERT INTO "UVCursus" VALUES(582,126,15);
INSERT INTO "UVCursus" VALUES(583,126,16);
INSERT INTO "UVCursus" VALUES(584,126,17);
INSERT INTO "UVCursus" VALUES(585,126,18);
INSERT INTO "UVCursus" VALUES(586,126,27);
INSERT INTO "UVCursus" VALUES(587,127,1);
INSERT INTO "UVCursus" VALUES(588,127,10);
INSERT INTO "UVCursus" VALUES(589,127,11);
INSERT INTO "UVCursus" VALUES(590,127,15);
INSERT INTO "UVCursus" VALUES(591,127,16);
INSERT INTO "UVCursus" VALUES(592,127,17);
INSERT INTO "UVCursus" VALUES(593,127,18);
INSERT INTO "UVCursus" VALUES(594,127,27);
INSERT INTO "UVCursus" VALUES(595,128,1);
INSERT INTO "UVCursus" VALUES(596,128,10);
INSERT INTO "UVCursus" VALUES(597,128,11);
INSERT INTO "UVCursus" VALUES(598,128,15);
INSERT INTO "UVCursus" VALUES(599,128,16);
INSERT INTO "UVCursus" VALUES(600,128,17);
INSERT INTO "UVCursus" VALUES(601,128,18);
INSERT INTO "UVCursus" VALUES(602,128,27);
INSERT INTO "UVCursus" VALUES(603,129,1);
INSERT INTO "UVCursus" VALUES(604,129,10);
INSERT INTO "UVCursus" VALUES(605,129,11);
INSERT INTO "UVCursus" VALUES(606,129,15);
INSERT INTO "UVCursus" VALUES(607,129,16);
INSERT INTO "UVCursus" VALUES(608,129,17);
INSERT INTO "UVCursus" VALUES(609,129,18);
INSERT INTO "UVCursus" VALUES(610,129,27);
INSERT INTO "UVCursus" VALUES(611,130,1);
INSERT INTO "UVCursus" VALUES(612,130,10);
INSERT INTO "UVCursus" VALUES(613,130,11);
INSERT INTO "UVCursus" VALUES(614,130,15);
INSERT INTO "UVCursus" VALUES(615,130,16);
INSERT INTO "UVCursus" VALUES(616,130,17);
INSERT INTO "UVCursus" VALUES(617,130,18);
INSERT INTO "UVCursus" VALUES(618,130,27);
INSERT INTO "UVCursus" VALUES(619,131,1);
INSERT INTO "UVCursus" VALUES(620,131,10);
INSERT INTO "UVCursus" VALUES(621,131,11);
INSERT INTO "UVCursus" VALUES(622,131,15);
INSERT INTO "UVCursus" VALUES(623,131,16);
INSERT INTO "UVCursus" VALUES(624,131,17);
INSERT INTO "UVCursus" VALUES(625,131,18);
INSERT INTO "UVCursus" VALUES(626,131,27);
INSERT INTO "UVCursus" VALUES(627,132,1);
INSERT INTO "UVCursus" VALUES(628,132,10);
INSERT INTO "UVCursus" VALUES(629,132,11);
INSERT INTO "UVCursus" VALUES(630,132,15);
INSERT INTO "UVCursus" VALUES(631,132,16);
INSERT INTO "UVCursus" VALUES(632,132,17);
INSERT INTO "UVCursus" VALUES(633,132,18);
INSERT INTO "UVCursus" VALUES(634,132,27);
INSERT INTO "UVCursus" VALUES(635,133,1);
INSERT INTO "UVCursus" VALUES(636,133,10);
INSERT INTO "UVCursus" VALUES(637,133,11);
INSERT INTO "UVCursus" VALUES(638,133,15);
INSERT INTO "UVCursus" VALUES(639,133,16);
INSERT INTO "UVCursus" VALUES(640,133,17);
INSERT INTO "UVCursus" VALUES(641,133,18);
INSERT INTO "UVCursus" VALUES(642,133,27);
INSERT INTO "UVCursus" VALUES(643,134,1);
INSERT INTO "UVCursus" VALUES(644,134,10);
INSERT INTO "UVCursus" VALUES(645,134,11);
INSERT INTO "UVCursus" VALUES(646,134,15);
INSERT INTO "UVCursus" VALUES(647,134,16);
INSERT INTO "UVCursus" VALUES(648,134,17);
INSERT INTO "UVCursus" VALUES(649,134,18);
INSERT INTO "UVCursus" VALUES(650,134,27);
INSERT INTO "UVCursus" VALUES(651,135,1);
INSERT INTO "UVCursus" VALUES(652,135,10);
INSERT INTO "UVCursus" VALUES(653,135,11);
INSERT INTO "UVCursus" VALUES(654,135,15);
INSERT INTO "UVCursus" VALUES(655,135,16);
INSERT INTO "UVCursus" VALUES(656,135,17);
INSERT INTO "UVCursus" VALUES(657,135,18);
INSERT INTO "UVCursus" VALUES(658,135,27);
INSERT INTO "UVCursus" VALUES(659,136,1);
INSERT INTO "UVCursus" VALUES(660,136,10);
INSERT INTO "UVCursus" VALUES(661,136,11);
INSERT INTO "UVCursus" VALUES(662,136,15);
INSERT INTO "UVCursus" VALUES(663,136,16);
INSERT INTO "UVCursus" VALUES(664,136,17);
INSERT INTO "UVCursus" VALUES(665,136,18);
INSERT INTO "UVCursus" VALUES(666,136,27);
INSERT INTO "UVCursus" VALUES(667,137,1);
INSERT INTO "UVCursus" VALUES(668,137,10);
INSERT INTO "UVCursus" VALUES(669,137,11);
INSERT INTO "UVCursus" VALUES(670,137,15);
INSERT INTO "UVCursus" VALUES(671,137,16);
INSERT INTO "UVCursus" VALUES(672,137,17);
INSERT INTO "UVCursus" VALUES(673,137,18);
INSERT INTO "UVCursus" VALUES(674,137,27);
INSERT INTO "UVCursus" VALUES(675,138,1);
INSERT INTO "UVCursus" VALUES(676,138,10);
INSERT INTO "UVCursus" VALUES(677,138,11);
INSERT INTO "UVCursus" VALUES(678,138,15);
INSERT INTO "UVCursus" VALUES(679,138,16);
INSERT INTO "UVCursus" VALUES(680,138,17);
INSERT INTO "UVCursus" VALUES(681,138,18);
INSERT INTO "UVCursus" VALUES(682,138,27);
INSERT INTO "UVCursus" VALUES(683,139,1);
INSERT INTO "UVCursus" VALUES(684,139,10);
INSERT INTO "UVCursus" VALUES(685,139,11);
INSERT INTO "UVCursus" VALUES(686,139,15);
INSERT INTO "UVCursus" VALUES(687,139,16);
INSERT INTO "UVCursus" VALUES(688,139,17);
INSERT INTO "UVCursus" VALUES(689,139,18);
INSERT INTO "UVCursus" VALUES(690,139,27);
INSERT INTO "UVCursus" VALUES(691,140,1);
INSERT INTO "UVCursus" VALUES(692,140,10);
INSERT INTO "UVCursus" VALUES(693,140,11);
INSERT INTO "UVCursus" VALUES(694,140,15);
INSERT INTO "UVCursus" VALUES(695,140,16);
INSERT INTO "UVCursus" VALUES(696,140,17);
INSERT INTO "UVCursus" VALUES(697,140,18);
INSERT INTO "UVCursus" VALUES(698,140,27);
INSERT INTO "UVCursus" VALUES(699,141,1);
INSERT INTO "UVCursus" VALUES(700,141,10);
INSERT INTO "UVCursus" VALUES(701,141,11);
INSERT INTO "UVCursus" VALUES(702,141,15);
INSERT INTO "UVCursus" VALUES(703,141,16);
INSERT INTO "UVCursus" VALUES(704,141,17);
INSERT INTO "UVCursus" VALUES(705,141,18);
INSERT INTO "UVCursus" VALUES(706,141,27);
INSERT INTO "UVCursus" VALUES(707,142,1);
INSERT INTO "UVCursus" VALUES(708,142,10);
INSERT INTO "UVCursus" VALUES(709,142,11);
INSERT INTO "UVCursus" VALUES(710,142,15);
INSERT INTO "UVCursus" VALUES(711,142,16);
INSERT INTO "UVCursus" VALUES(712,142,17);
INSERT INTO "UVCursus" VALUES(713,142,18);
INSERT INTO "UVCursus" VALUES(714,142,27);
INSERT INTO "UVCursus" VALUES(715,143,1);
INSERT INTO "UVCursus" VALUES(716,143,10);
INSERT INTO "UVCursus" VALUES(717,143,11);
INSERT INTO "UVCursus" VALUES(718,143,15);
INSERT INTO "UVCursus" VALUES(719,143,16);
INSERT INTO "UVCursus" VALUES(720,143,17);
INSERT INTO "UVCursus" VALUES(721,143,18);
INSERT INTO "UVCursus" VALUES(722,143,27);
INSERT INTO "UVCursus" VALUES(723,144,1);
INSERT INTO "UVCursus" VALUES(724,144,10);
INSERT INTO "UVCursus" VALUES(725,144,11);
INSERT INTO "UVCursus" VALUES(726,144,15);
INSERT INTO "UVCursus" VALUES(727,144,16);
INSERT INTO "UVCursus" VALUES(728,144,17);
INSERT INTO "UVCursus" VALUES(729,144,18);
INSERT INTO "UVCursus" VALUES(730,144,27);
INSERT INTO "UVCursus" VALUES(731,145,1);
INSERT INTO "UVCursus" VALUES(732,145,10);
INSERT INTO "UVCursus" VALUES(733,145,11);
INSERT INTO "UVCursus" VALUES(734,145,15);
INSERT INTO "UVCursus" VALUES(735,145,16);
INSERT INTO "UVCursus" VALUES(736,145,17);
INSERT INTO "UVCursus" VALUES(737,145,18);
INSERT INTO "UVCursus" VALUES(738,145,27);
INSERT INTO "UVCursus" VALUES(739,146,1);
INSERT INTO "UVCursus" VALUES(740,146,10);
INSERT INTO "UVCursus" VALUES(741,146,11);
INSERT INTO "UVCursus" VALUES(742,146,15);
INSERT INTO "UVCursus" VALUES(743,146,16);
INSERT INTO "UVCursus" VALUES(744,146,17);
INSERT INTO "UVCursus" VALUES(745,146,18);
INSERT INTO "UVCursus" VALUES(746,146,27);
INSERT INTO "UVCursus" VALUES(747,147,1);
INSERT INTO "UVCursus" VALUES(748,147,10);
INSERT INTO "UVCursus" VALUES(749,147,11);
INSERT INTO "UVCursus" VALUES(750,147,15);
INSERT INTO "UVCursus" VALUES(751,147,16);
INSERT INTO "UVCursus" VALUES(752,147,17);
INSERT INTO "UVCursus" VALUES(753,147,18);
INSERT INTO "UVCursus" VALUES(754,147,27);
INSERT INTO "UVCursus" VALUES(755,148,1);
INSERT INTO "UVCursus" VALUES(756,148,10);
INSERT INTO "UVCursus" VALUES(757,148,11);
INSERT INTO "UVCursus" VALUES(758,148,15);
INSERT INTO "UVCursus" VALUES(759,148,16);
INSERT INTO "UVCursus" VALUES(760,148,17);
INSERT INTO "UVCursus" VALUES(761,148,18);
INSERT INTO "UVCursus" VALUES(762,148,27);
INSERT INTO "UVCursus" VALUES(763,149,1);
INSERT INTO "UVCursus" VALUES(764,149,10);
INSERT INTO "UVCursus" VALUES(765,149,11);
INSERT INTO "UVCursus" VALUES(766,149,15);
INSERT INTO "UVCursus" VALUES(767,149,16);
INSERT INTO "UVCursus" VALUES(768,149,17);
INSERT INTO "UVCursus" VALUES(769,149,18);
INSERT INTO "UVCursus" VALUES(770,149,27);
INSERT INTO "UVCursus" VALUES(771,150,1);
INSERT INTO "UVCursus" VALUES(772,150,10);
INSERT INTO "UVCursus" VALUES(773,150,11);
INSERT INTO "UVCursus" VALUES(774,150,15);
INSERT INTO "UVCursus" VALUES(775,150,16);
INSERT INTO "UVCursus" VALUES(776,150,17);
INSERT INTO "UVCursus" VALUES(777,150,18);
INSERT INTO "UVCursus" VALUES(778,150,27);
INSERT INTO "UVCursus" VALUES(779,151,1);
INSERT INTO "UVCursus" VALUES(780,151,10);
INSERT INTO "UVCursus" VALUES(781,151,11);
INSERT INTO "UVCursus" VALUES(782,151,15);
INSERT INTO "UVCursus" VALUES(783,151,16);
INSERT INTO "UVCursus" VALUES(784,151,17);
INSERT INTO "UVCursus" VALUES(785,151,18);
INSERT INTO "UVCursus" VALUES(786,151,27);
INSERT INTO "UVCursus" VALUES(787,152,1);
INSERT INTO "UVCursus" VALUES(788,152,10);
INSERT INTO "UVCursus" VALUES(789,152,11);
INSERT INTO "UVCursus" VALUES(790,152,15);
INSERT INTO "UVCursus" VALUES(791,152,16);
INSERT INTO "UVCursus" VALUES(792,152,17);
INSERT INTO "UVCursus" VALUES(793,152,18);
INSERT INTO "UVCursus" VALUES(794,152,27);
INSERT INTO "UVCursus" VALUES(795,153,1);
INSERT INTO "UVCursus" VALUES(796,153,10);
INSERT INTO "UVCursus" VALUES(797,153,11);
INSERT INTO "UVCursus" VALUES(798,153,15);
INSERT INTO "UVCursus" VALUES(799,153,16);
INSERT INTO "UVCursus" VALUES(800,153,17);
INSERT INTO "UVCursus" VALUES(801,153,18);
INSERT INTO "UVCursus" VALUES(802,153,27);
INSERT INTO "UVCursus" VALUES(803,154,1);
INSERT INTO "UVCursus" VALUES(804,154,10);
INSERT INTO "UVCursus" VALUES(805,154,11);
INSERT INTO "UVCursus" VALUES(806,154,15);
INSERT INTO "UVCursus" VALUES(807,154,16);
INSERT INTO "UVCursus" VALUES(808,154,17);
INSERT INTO "UVCursus" VALUES(809,154,18);
INSERT INTO "UVCursus" VALUES(810,154,27);
INSERT INTO "UVCursus" VALUES(811,155,1);
INSERT INTO "UVCursus" VALUES(812,155,10);
INSERT INTO "UVCursus" VALUES(813,155,11);
INSERT INTO "UVCursus" VALUES(814,155,15);
INSERT INTO "UVCursus" VALUES(815,155,16);
INSERT INTO "UVCursus" VALUES(816,155,17);
INSERT INTO "UVCursus" VALUES(817,155,18);
INSERT INTO "UVCursus" VALUES(818,155,27);
INSERT INTO "UVCursus" VALUES(819,156,1);
INSERT INTO "UVCursus" VALUES(820,156,10);
INSERT INTO "UVCursus" VALUES(821,156,11);
INSERT INTO "UVCursus" VALUES(822,156,15);
INSERT INTO "UVCursus" VALUES(823,156,16);
INSERT INTO "UVCursus" VALUES(824,156,17);
INSERT INTO "UVCursus" VALUES(825,156,18);
INSERT INTO "UVCursus" VALUES(826,156,27);
INSERT INTO "UVCursus" VALUES(827,157,1);
INSERT INTO "UVCursus" VALUES(828,157,10);
INSERT INTO "UVCursus" VALUES(829,157,11);
INSERT INTO "UVCursus" VALUES(830,157,15);
INSERT INTO "UVCursus" VALUES(831,157,16);
INSERT INTO "UVCursus" VALUES(832,157,17);
INSERT INTO "UVCursus" VALUES(833,157,18);
INSERT INTO "UVCursus" VALUES(834,157,27);
INSERT INTO "UVCursus" VALUES(835,158,1);
INSERT INTO "UVCursus" VALUES(836,158,10);
INSERT INTO "UVCursus" VALUES(837,158,11);
INSERT INTO "UVCursus" VALUES(838,158,15);
INSERT INTO "UVCursus" VALUES(839,158,16);
INSERT INTO "UVCursus" VALUES(840,158,17);
INSERT INTO "UVCursus" VALUES(841,158,18);
INSERT INTO "UVCursus" VALUES(842,158,27);
INSERT INTO "UVCursus" VALUES(843,159,1);
INSERT INTO "UVCursus" VALUES(844,159,10);
INSERT INTO "UVCursus" VALUES(845,159,11);
INSERT INTO "UVCursus" VALUES(846,159,15);
INSERT INTO "UVCursus" VALUES(847,159,16);
INSERT INTO "UVCursus" VALUES(848,159,17);
INSERT INTO "UVCursus" VALUES(849,159,18);
INSERT INTO "UVCursus" VALUES(850,159,27);
INSERT INTO "UVCursus" VALUES(851,160,1);
INSERT INTO "UVCursus" VALUES(852,160,10);
INSERT INTO "UVCursus" VALUES(853,160,11);
INSERT INTO "UVCursus" VALUES(854,160,15);
INSERT INTO "UVCursus" VALUES(855,160,16);
INSERT INTO "UVCursus" VALUES(856,160,17);
INSERT INTO "UVCursus" VALUES(857,160,18);
INSERT INTO "UVCursus" VALUES(858,160,27);
INSERT INTO "UVCursus" VALUES(859,161,1);
INSERT INTO "UVCursus" VALUES(860,161,10);
INSERT INTO "UVCursus" VALUES(861,161,11);
INSERT INTO "UVCursus" VALUES(862,161,15);
INSERT INTO "UVCursus" VALUES(863,161,16);
INSERT INTO "UVCursus" VALUES(864,161,17);
INSERT INTO "UVCursus" VALUES(865,161,18);
INSERT INTO "UVCursus" VALUES(866,161,27);
INSERT INTO "UVCursus" VALUES(867,162,1);
INSERT INTO "UVCursus" VALUES(868,162,10);
INSERT INTO "UVCursus" VALUES(869,162,11);
INSERT INTO "UVCursus" VALUES(870,162,15);
INSERT INTO "UVCursus" VALUES(871,162,16);
INSERT INTO "UVCursus" VALUES(872,162,17);
INSERT INTO "UVCursus" VALUES(873,162,18);
INSERT INTO "UVCursus" VALUES(874,162,27);
INSERT INTO "UVCursus" VALUES(875,163,1);
INSERT INTO "UVCursus" VALUES(876,163,10);
INSERT INTO "UVCursus" VALUES(877,163,11);
INSERT INTO "UVCursus" VALUES(878,163,15);
INSERT INTO "UVCursus" VALUES(879,163,16);
INSERT INTO "UVCursus" VALUES(880,163,17);
INSERT INTO "UVCursus" VALUES(881,163,18);
INSERT INTO "UVCursus" VALUES(882,163,27);
INSERT INTO "UVCursus" VALUES(883,164,1);
INSERT INTO "UVCursus" VALUES(884,164,10);
INSERT INTO "UVCursus" VALUES(885,164,11);
INSERT INTO "UVCursus" VALUES(886,164,15);
INSERT INTO "UVCursus" VALUES(887,164,16);
INSERT INTO "UVCursus" VALUES(888,164,17);
INSERT INTO "UVCursus" VALUES(889,164,18);
INSERT INTO "UVCursus" VALUES(890,164,27);
INSERT INTO "UVCursus" VALUES(891,165,1);
INSERT INTO "UVCursus" VALUES(892,165,10);
INSERT INTO "UVCursus" VALUES(893,165,11);
INSERT INTO "UVCursus" VALUES(894,165,15);
INSERT INTO "UVCursus" VALUES(895,165,16);
INSERT INTO "UVCursus" VALUES(896,165,17);
INSERT INTO "UVCursus" VALUES(897,165,18);
INSERT INTO "UVCursus" VALUES(898,165,27);
INSERT INTO "UVCursus" VALUES(899,166,1);
INSERT INTO "UVCursus" VALUES(900,166,10);
INSERT INTO "UVCursus" VALUES(901,166,11);
INSERT INTO "UVCursus" VALUES(902,166,15);
INSERT INTO "UVCursus" VALUES(903,166,16);
INSERT INTO "UVCursus" VALUES(904,166,17);
INSERT INTO "UVCursus" VALUES(905,166,18);
INSERT INTO "UVCursus" VALUES(906,166,27);
INSERT INTO "UVCursus" VALUES(907,167,1);
INSERT INTO "UVCursus" VALUES(908,167,10);
INSERT INTO "UVCursus" VALUES(909,167,11);
INSERT INTO "UVCursus" VALUES(910,167,15);
INSERT INTO "UVCursus" VALUES(911,167,16);
INSERT INTO "UVCursus" VALUES(912,167,17);
INSERT INTO "UVCursus" VALUES(913,167,18);
INSERT INTO "UVCursus" VALUES(914,167,27);
INSERT INTO "UVCursus" VALUES(915,168,1);
INSERT INTO "UVCursus" VALUES(916,168,10);
INSERT INTO "UVCursus" VALUES(917,168,11);
INSERT INTO "UVCursus" VALUES(918,168,15);
INSERT INTO "UVCursus" VALUES(919,168,16);
INSERT INTO "UVCursus" VALUES(920,168,17);
INSERT INTO "UVCursus" VALUES(921,168,18);
INSERT INTO "UVCursus" VALUES(922,168,27);
INSERT INTO "UVCursus" VALUES(923,169,27);
INSERT INTO "UVCursus" VALUES(924,170,27);
INSERT INTO "UVCursus" VALUES(925,171,27);
INSERT INTO "UVCursus" VALUES(926,172,10);
INSERT INTO "UVCursus" VALUES(927,172,11);
INSERT INTO "UVCursus" VALUES(928,172,15);
INSERT INTO "UVCursus" VALUES(929,172,16);
INSERT INTO "UVCursus" VALUES(930,172,17);
INSERT INTO "UVCursus" VALUES(931,172,18);
INSERT INTO "UVCursus" VALUES(932,173,16);
INSERT INTO "UVCursus" VALUES(933,174,16);
INSERT INTO "UVCursus" VALUES(934,175,16);
INSERT INTO "UVCursus" VALUES(935,176,16);
INSERT INTO "UVCursus" VALUES(936,177,16);
INSERT INTO "UVCursus" VALUES(937,178,18);
INSERT INTO "UVCursus" VALUES(938,178,33);
INSERT INTO "UVCursus" VALUES(939,179,18);
INSERT INTO "UVCursus" VALUES(940,179,33);
INSERT INTO "UVCursus" VALUES(941,180,11);
INSERT INTO "UVCursus" VALUES(942,180,18);
INSERT INTO "UVCursus" VALUES(943,180,21);
INSERT INTO "UVCursus" VALUES(944,180,25);
INSERT INTO "UVCursus" VALUES(945,180,33);
INSERT INTO "UVCursus" VALUES(946,180,34);
INSERT INTO "UVCursus" VALUES(947,181,18);
INSERT INTO "UVCursus" VALUES(948,182,10);
INSERT INTO "UVCursus" VALUES(949,182,16);
INSERT INTO "UVCursus" VALUES(950,182,35);
INSERT INTO "UVCursus" VALUES(951,182,36);
INSERT INTO "UVCursus" VALUES(952,183,10);
INSERT INTO "UVCursus" VALUES(953,184,10);
INSERT INTO "UVCursus" VALUES(954,185,10);
INSERT INTO "UVCursus" VALUES(955,185,19);
INSERT INTO "UVCursus" VALUES(956,185,24);
INSERT INTO "UVCursus" VALUES(957,186,10);
INSERT INTO "UVCursus" VALUES(958,186,17);
INSERT INTO "UVCursus" VALUES(959,186,19);
INSERT INTO "UVCursus" VALUES(960,186,37);
INSERT INTO "UVCursus" VALUES(961,187,10);
INSERT INTO "UVCursus" VALUES(962,187,34);
INSERT INTO "UVCursus" VALUES(963,188,10);
INSERT INTO "UVCursus" VALUES(964,188,11);
INSERT INTO "UVCursus" VALUES(965,188,12);
INSERT INTO "UVCursus" VALUES(966,189,10);
INSERT INTO "UVCursus" VALUES(967,189,13);
INSERT INTO "UVCursus" VALUES(968,190,10);
INSERT INTO "UVCursus" VALUES(969,190,11);
INSERT INTO "UVCursus" VALUES(970,190,12);
INSERT INTO "UVCursus" VALUES(971,190,13);
INSERT INTO "UVCursus" VALUES(972,191,11);
INSERT INTO "UVCursus" VALUES(973,192,11);
INSERT INTO "UVCursus" VALUES(974,192,22);
INSERT INTO "UVCursus" VALUES(975,193,15);
INSERT INTO "UVCursus" VALUES(976,193,17);
INSERT INTO "UVCursus" VALUES(977,193,26);
INSERT INTO "UVCursus" VALUES(978,193,37);
INSERT INTO "UVCursus" VALUES(979,194,15);
INSERT INTO "UVCursus" VALUES(980,194,26);
INSERT INTO "UVCursus" VALUES(981,194,38);
INSERT INTO "UVCursus" VALUES(982,195,15);
INSERT INTO "UVCursus" VALUES(983,195,32);
INSERT INTO "UVCursus" VALUES(984,196,15);
INSERT INTO "UVCursus" VALUES(985,196,17);
INSERT INTO "UVCursus" VALUES(986,196,26);
INSERT INTO "UVCursus" VALUES(987,196,32);
INSERT INTO "UVCursus" VALUES(988,197,15);
INSERT INTO "UVCursus" VALUES(989,197,32);
INSERT INTO "UVCursus" VALUES(990,198,15);
INSERT INTO "UVCursus" VALUES(991,198,26);
INSERT INTO "UVCursus" VALUES(992,198,32);
INSERT INTO "UVCursus" VALUES(993,199,10);
INSERT INTO "UVCursus" VALUES(994,199,15);
INSERT INTO "UVCursus" VALUES(995,199,20);
INSERT INTO "UVCursus" VALUES(996,199,24);
INSERT INTO "UVCursus" VALUES(997,200,11);
INSERT INTO "UVCursus" VALUES(998,200,18);
INSERT INTO "UVCursus" VALUES(999,200,34);
INSERT INTO "UVCursus" VALUES(1000,200,39);
INSERT INTO "UVCursus" VALUES(1001,201,15);
INSERT INTO "UVCursus" VALUES(1002,202,15);
INSERT INTO "UVCursus" VALUES(1003,202,26);
INSERT INTO "UVCursus" VALUES(1004,203,2);
INSERT INTO "UVCursus" VALUES(1005,203,8);
INSERT INTO "UVCursus" VALUES(1006,203,10);
INSERT INTO "UVCursus" VALUES(1007,203,11);
INSERT INTO "UVCursus" VALUES(1008,203,15);
INSERT INTO "UVCursus" VALUES(1009,203,16);
INSERT INTO "UVCursus" VALUES(1010,203,17);
INSERT INTO "UVCursus" VALUES(1011,203,18);
INSERT INTO "UVCursus" VALUES(1012,203,28);
INSERT INTO "UVCursus" VALUES(1013,203,29);
INSERT INTO "UVCursus" VALUES(1014,203,30);
INSERT INTO "UVCursus" VALUES(1015,203,31);
INSERT INTO "UVCursus" VALUES(1016,204,2);
INSERT INTO "UVCursus" VALUES(1017,204,8);
INSERT INTO "UVCursus" VALUES(1018,204,10);
INSERT INTO "UVCursus" VALUES(1019,204,11);
INSERT INTO "UVCursus" VALUES(1020,204,15);
INSERT INTO "UVCursus" VALUES(1021,204,16);
INSERT INTO "UVCursus" VALUES(1022,204,17);
INSERT INTO "UVCursus" VALUES(1023,204,18);
INSERT INTO "UVCursus" VALUES(1024,204,28);
INSERT INTO "UVCursus" VALUES(1025,204,29);
INSERT INTO "UVCursus" VALUES(1026,204,30);
INSERT INTO "UVCursus" VALUES(1027,204,31);
INSERT INTO "UVCursus" VALUES(1028,205,15);
INSERT INTO "UVCursus" VALUES(1029,206,16);
INSERT INTO "UVCursus" VALUES(1030,206,36);
INSERT INTO "UVCursus" VALUES(1031,206,40);
INSERT INTO "UVCursus" VALUES(1032,206,41);
INSERT INTO "UVCursus" VALUES(1033,207,16);
INSERT INTO "UVCursus" VALUES(1034,207,35);
INSERT INTO "UVCursus" VALUES(1035,207,41);
INSERT INTO "UVCursus" VALUES(1036,208,16);
INSERT INTO "UVCursus" VALUES(1037,208,35);
INSERT INTO "UVCursus" VALUES(1038,208,36);
INSERT INTO "UVCursus" VALUES(1039,208,40);
INSERT INTO "UVCursus" VALUES(1040,208,41);
INSERT INTO "UVCursus" VALUES(1041,209,15);
INSERT INTO "UVCursus" VALUES(1042,210,10);
INSERT INTO "UVCursus" VALUES(1043,210,16);
INSERT INTO "UVCursus" VALUES(1044,210,18);
INSERT INTO "UVCursus" VALUES(1045,211,15);
INSERT INTO "UVCursus" VALUES(1046,211,20);
INSERT INTO "UVCursus" VALUES(1047,212,15);
INSERT INTO "UVCursus" VALUES(1048,213,15);
INSERT INTO "UVCursus" VALUES(1049,213,20);
INSERT INTO "UVCursus" VALUES(1050,214,15);
INSERT INTO "UVCursus" VALUES(1051,215,16);
INSERT INTO "UVCursus" VALUES(1052,215,42);
INSERT INTO "UVCursus" VALUES(1053,216,16);
INSERT INTO "UVCursus" VALUES(1054,216,36);
INSERT INTO "UVCursus" VALUES(1055,217,15);
INSERT INTO "UVCursus" VALUES(1056,217,17);
INSERT INTO "UVCursus" VALUES(1057,218,15);
INSERT INTO "UVCursus" VALUES(1058,218,19);
INSERT INTO "UVCursus" VALUES(1059,218,32);
INSERT INTO "UVCursus" VALUES(1060,218,38);
INSERT INTO "UVCursus" VALUES(1061,219,15);
INSERT INTO "UVCursus" VALUES(1062,219,17);
INSERT INTO "UVCursus" VALUES(1063,219,38);
INSERT INTO "UVCursus" VALUES(1064,220,15);
INSERT INTO "UVCursus" VALUES(1065,220,38);
INSERT INTO "UVCursus" VALUES(1066,221,15);
INSERT INTO "UVCursus" VALUES(1067,221,23);
INSERT INTO "UVCursus" VALUES(1068,222,15);
INSERT INTO "UVCursus" VALUES(1069,222,38);
INSERT INTO "UVCursus" VALUES(1070,223,15);
INSERT INTO "UVCursus" VALUES(1071,223,38);
INSERT INTO "UVCursus" VALUES(1072,224,17);
INSERT INTO "UVCursus" VALUES(1073,224,37);
INSERT INTO "UVCursus" VALUES(1074,225,15);
INSERT INTO "UVCursus" VALUES(1075,225,17);
INSERT INTO "UVCursus" VALUES(1076,225,23);
INSERT INTO "UVCursus" VALUES(1077,225,37);
INSERT INTO "UVCursus" VALUES(1078,225,43);
INSERT INTO "UVCursus" VALUES(1079,226,15);
INSERT INTO "UVCursus" VALUES(1080,226,17);
INSERT INTO "UVCursus" VALUES(1081,226,43);
INSERT INTO "UVCursus" VALUES(1082,226,44);
INSERT INTO "UVCursus" VALUES(1083,227,15);
INSERT INTO "UVCursus" VALUES(1084,227,23);
INSERT INTO "UVCursus" VALUES(1085,228,16);
INSERT INTO "UVCursus" VALUES(1086,228,36);
INSERT INTO "UVCursus" VALUES(1087,228,40);
INSERT INTO "UVCursus" VALUES(1088,228,41);
INSERT INTO "UVCursus" VALUES(1089,229,11);
INSERT INTO "UVCursus" VALUES(1090,229,22);
INSERT INTO "UVCursus" VALUES(1091,230,16);
INSERT INTO "UVCursus" VALUES(1092,230,35);
INSERT INTO "UVCursus" VALUES(1093,230,36);
INSERT INTO "UVCursus" VALUES(1094,230,40);
INSERT INTO "UVCursus" VALUES(1095,230,41);
INSERT INTO "UVCursus" VALUES(1096,231,16);
INSERT INTO "UVCursus" VALUES(1097,231,41);
INSERT INTO "UVCursus" VALUES(1098,232,16);
INSERT INTO "UVCursus" VALUES(1099,232,42);
INSERT INTO "UVCursus" VALUES(1100,233,15);
INSERT INTO "UVCursus" VALUES(1101,233,23);
INSERT INTO "UVCursus" VALUES(1102,234,16);
INSERT INTO "UVCursus" VALUES(1103,236,16);
INSERT INTO "UVCursus" VALUES(1104,236,35);
INSERT INTO "UVCursus" VALUES(1105,236,36);
INSERT INTO "UVCursus" VALUES(1106,236,40);
INSERT INTO "UVCursus" VALUES(1107,236,41);
INSERT INTO "UVCursus" VALUES(1108,237,10);
INSERT INTO "UVCursus" VALUES(1109,237,13);
INSERT INTO "UVCursus" VALUES(1110,238,10);
INSERT INTO "UVCursus" VALUES(1111,238,15);
INSERT INTO "UVCursus" VALUES(1112,238,23);
INSERT INTO "UVCursus" VALUES(1113,238,24);
INSERT INTO "UVCursus" VALUES(1114,239,16);
INSERT INTO "UVCursus" VALUES(1115,239,35);
INSERT INTO "UVCursus" VALUES(1116,239,36);
INSERT INTO "UVCursus" VALUES(1117,239,40);
INSERT INTO "UVCursus" VALUES(1118,239,41);
INSERT INTO "UVCursus" VALUES(1119,240,15);
INSERT INTO "UVCursus" VALUES(1120,240,44);
INSERT INTO "UVCursus" VALUES(1121,241,16);
INSERT INTO "UVCursus" VALUES(1122,241,42);
INSERT INTO "UVCursus" VALUES(1123,242,16);
INSERT INTO "UVCursus" VALUES(1124,242,40);
INSERT INTO "UVCursus" VALUES(1125,242,42);
INSERT INTO "UVCursus" VALUES(1126,243,11);
INSERT INTO "UVCursus" VALUES(1127,243,14);
INSERT INTO "UVCursus" VALUES(1128,243,21);
INSERT INTO "UVCursus" VALUES(1129,243,22);
INSERT INTO "UVCursus" VALUES(1130,243,39);
INSERT INTO "UVCursus" VALUES(1131,244,11);
INSERT INTO "UVCursus" VALUES(1132,244,14);
INSERT INTO "UVCursus" VALUES(1133,244,21);
INSERT INTO "UVCursus" VALUES(1134,245,11);
INSERT INTO "UVCursus" VALUES(1135,245,14);
INSERT INTO "UVCursus" VALUES(1136,245,21);
INSERT INTO "UVCursus" VALUES(1137,245,22);
INSERT INTO "UVCursus" VALUES(1138,245,39);
INSERT INTO "UVCursus" VALUES(1139,246,15);
INSERT INTO "UVCursus" VALUES(1140,247,15);
INSERT INTO "UVCursus" VALUES(1141,248,15);
INSERT INTO "UVCursus" VALUES(1142,248,17);
INSERT INTO "UVCursus" VALUES(1143,249,15);
INSERT INTO "UVCursus" VALUES(1144,249,43);
INSERT INTO "UVCursus" VALUES(1145,250,1);
INSERT INTO "UVCursus" VALUES(1146,250,10);
INSERT INTO "UVCursus" VALUES(1147,250,11);
INSERT INTO "UVCursus" VALUES(1148,250,15);
INSERT INTO "UVCursus" VALUES(1149,250,16);
INSERT INTO "UVCursus" VALUES(1150,250,17);
INSERT INTO "UVCursus" VALUES(1151,250,18);
INSERT INTO "UVCursus" VALUES(1152,250,27);
INSERT INTO "UVCursus" VALUES(1153,251,15);
INSERT INTO "UVCursus" VALUES(1154,251,43);
INSERT INTO "UVCursus" VALUES(1155,251,44);
INSERT INTO "UVCursus" VALUES(1156,252,17);
INSERT INTO "UVCursus" VALUES(1157,253,17);
INSERT INTO "UVCursus" VALUES(1158,254,18);
INSERT INTO "UVCursus" VALUES(1159,254,25);
INSERT INTO "UVCursus" VALUES(1160,254,34);
INSERT INTO "UVCursus" VALUES(1161,255,18);
INSERT INTO "UVCursus" VALUES(1162,256,18);
INSERT INTO "UVCursus" VALUES(1163,257,18);
CREATE TABLE User (id INTEGER PRIMARY KEY, nom VARCHAR(40), prenom VARCHAR(40), simulation INTEGER, profil INTEGER);
CREATE TABLE Profil (id INTEGER PRIMARY KEY, actuel INTEGER, vise INTEGER);
CREATE TABLE ProfilInscr (id INTEGER PRIMARY KEY, idProfil INTEGER, idInscription INTEGER);
CREATE TABLE ProfilEtr (id INTEGER PRIMARY KEY, idProfil INTEGER, idEtranger INTEGER);
CREATE TABLE ProPrefEtr (id INTEGER PRIMARY KEY, idProfil INTEGER, idEtranger INTEGER);
CREATE TABLE ProPrefDesirs (id INTEGER PRIMARY KEY, idProfil INTEGER, idDesir INTEGER);
CREATE TABLE ProPrefBonus (id INTEGER PRIMARY KEY, idProfil INTEGER, idBonus INTEGER);
CREATE TABLE Inscription (id INTEGER PRIMARY KEY, uv INTEGER, semestre INTEGER, note INTEGER, cursus INTEGER, categorie INTEGER);
CREATE TABLE Etranger (id INTEGER PRIMARY KEY, titre VARCHAR(100), semestre INTEGER, cs INTEGER, tm INTEGER, tsh INTEGER, filiere INTEGER);
CREATE TABLE Semestre (id INTEGER PRIMARY KEY, saison INTEGER, annee INTEGER);
INSERT INTO "Semestre" VALUES(1,0,2011);
INSERT INTO "Semestre" VALUES(2,1,2011);
INSERT INTO "Semestre" VALUES(3,0,2012);
INSERT INTO "Semestre" VALUES(4,0,2014);
INSERT INTO "Semestre" VALUES(5,0,2015);
INSERT INTO "Semestre" VALUES(6,1,2016);
INSERT INTO "Semestre" VALUES(7,0,2018);
INSERT INTO "Semestre" VALUES(8,1,2015);
CREATE TABLE Bonus (id INTEGER PRIMARY KEY, uv INTEGER, bonus INTEGER);
CREATE TABLE Branche (id INTEGER PRIMARY KEY, code VARCHAR(10), nom VARCHAR(100));
INSERT INTO "Branche" VALUES(1,'TC','Tronc Commun');
INSERT INTO "Branche" VALUES(2,'HUTECH','Humanit et Technologie');
INSERT INTO "Branche" VALUES(3,'GI','Gnie Informatique');
INSERT INTO "Branche" VALUES(4,'GM','Gnie Mcanique');
INSERT INTO "Branche" VALUES(5,'GSM','Gnie des Systmes Mcaniques');
INSERT INTO "Branche" VALUES(6,'GP','Gnie des Procds');
INSERT INTO "Branche" VALUES(7,'GSU','Gnie des Systmes Urbains');
INSERT INTO "Branche" VALUES(8,'GB','Gnie Biologique');
CREATE TABLE Desir (id INTEGER PRIMARY KEY, uv INTEGER, semestre INTEGER);
CREATE TABLE Simulation (id INTEGER PRIMARY KEY, profil INTEGER, cursus INTEGER);
CREATE TABLE SimulationInscr (id INTEGER PRIMARY KEY, idSimu INTEGER, inscription INTEGER);
CREATE TABLE Categorie (id INTEGER PRIMARY KEY, code VARCHAR(10), nom VARCHAR(100));
INSERT INTO "Categorie" VALUES(1,'CS','Connaissances Scientifiques');
INSERT INTO "Categorie" VALUES(2,'TM','Techniques et Mthodes');
INSERT INTO "Categorie" VALUES(3,'TSH','Technologies et Sciences Humaines');
CREATE TABLE Cursus (id INTEGER PRIMARY KEY, branche INTEGER, filiere INTEGER);
INSERT INTO "Cursus" VALUES(1,1,1);
INSERT INTO "Cursus" VALUES(2,3,3);
INSERT INTO "Cursus" VALUES(3,3,2);
INSERT INTO "Cursus" VALUES(4,2,3);
INSERT INTO "Cursus" VALUES(5,4,2);
INSERT INTO "Cursus" VALUES(6,1,2);
INSERT INTO "Cursus" VALUES(7,2,2);
INSERT INTO "Cursus" VALUES(8,5,3);
INSERT INTO "Cursus" VALUES(9,7,4);
INSERT INTO "Cursus" VALUES(10,8,1);
INSERT INTO "Cursus" VALUES(11,6,1);
INSERT INTO "Cursus" VALUES(12,8,25);
INSERT INTO "Cursus" VALUES(13,8,26);
INSERT INTO "Cursus" VALUES(14,7,2);
INSERT INTO "Cursus" VALUES(15,4,1);
INSERT INTO "Cursus" VALUES(16,3,1);
INSERT INTO "Cursus" VALUES(17,5,1);
INSERT INTO "Cursus" VALUES(18,7,1);
INSERT INTO "Cursus" VALUES(19,8,23);
INSERT INTO "Cursus" VALUES(20,4,17);
INSERT INTO "Cursus" VALUES(21,6,10);
INSERT INTO "Cursus" VALUES(22,6,11);
INSERT INTO "Cursus" VALUES(23,4,15);
INSERT INTO "Cursus" VALUES(24,8,24);
INSERT INTO "Cursus" VALUES(25,7,12);
INSERT INTO "Cursus" VALUES(26,4,16);
INSERT INTO "Cursus" VALUES(27,2,1);
INSERT INTO "Cursus" VALUES(28,4,3);
INSERT INTO "Cursus" VALUES(29,6,3);
INSERT INTO "Cursus" VALUES(30,7,3);
INSERT INTO "Cursus" VALUES(31,8,3);
INSERT INTO "Cursus" VALUES(32,4,19);
INSERT INTO "Cursus" VALUES(33,7,13);
INSERT INTO "Cursus" VALUES(34,7,14);
INSERT INTO "Cursus" VALUES(35,3,5);
INSERT INTO "Cursus" VALUES(36,3,7);
INSERT INTO "Cursus" VALUES(37,5,21);
INSERT INTO "Cursus" VALUES(38,4,18);
INSERT INTO "Cursus" VALUES(39,8,9);
INSERT INTO "Cursus" VALUES(40,3,4);
INSERT INTO "Cursus" VALUES(41,3,6);
INSERT INTO "Cursus" VALUES(42,3,8);
INSERT INTO "Cursus" VALUES(43,5,20);
INSERT INTO "Cursus" VALUES(44,5,22);
CREATE TABLE Filiere (id INTEGER PRIMARY KEY, code VARCHAR(10), nom VARCHAR(100));
INSERT INTO "Filiere" VALUES(1,'SF','Sans Filire');
INSERT INTO "Filiere" VALUES(2,'AI','Agro Industries');
INSERT INTO "Filiere" VALUES(3,'MPI','Management de Projets Innovants');
INSERT INTO "Filiere" VALUES(4,'SRI','Systmes et Rseaux Informatiques');
INSERT INTO "Filiere" VALUES(5,'FDD','Fouille de Donnes');
INSERT INTO "Filiere" VALUES(6,'ICSI','Ingnieurie et Connaissance des Systmes Informatiques');
INSERT INTO "Filiere" VALUES(7,'ADEL','Aide  la Dcision En Logistique');
INSERT INTO "Filiere" VALUES(8,'STRIE','Systmes Temps Rel et Informatique Enfouie');
INSERT INTO "Filiere" VALUES(9,'QSE','Qualit, Scurit, Environnement');
INSERT INTO "Filiere" VALUES(10,'TE','Thermique Energtique');
INSERT INTO "Filiere" VALUES(11,'CPI','Conduite des Procds Industriels');
INSERT INTO "Filiere" VALUES(12,'STI','Systmes Techniques Intgrs');
INSERT INTO "Filiere" VALUES(13,'SR','Systemes et Rseaux pour l environnement construit');
INSERT INTO "Filiere" VALUES(14,'AIE','Amnagement et Ingnieurie de l Environnement');
INSERT INTO "Filiere" VALUES(15,'AVI','Acoustique et Vibrations Industrielles');
INSERT INTO "Filiere" VALUES(16,'FQI','Fiabilit et Qualit Industrielle');
INSERT INTO "Filiere" VALUES(17,'MARS','Mcatronique, Actionneurs, Robotisation et Systmes');
INSERT INTO "Filiere" VALUES(18,'MIT','Matrieux et Innovation Technologique');
INSERT INTO "Filiere" VALUES(19,'IDI','Ingnieurie du Design Industriel');
INSERT INTO "Filiere" VALUES(20,'CMI','Conception Mcanique Intgre');
INSERT INTO "Filiere" VALUES(21,'MOPS','Modlisation et Optimisation des Produits et Structures');
INSERT INTO "Filiere" VALUES(22,'PIL','Production Intgre et Logistique');
INSERT INTO "Filiere" VALUES(23,'BB','Biomatriaux, Biomcanique');
INSERT INTO "Filiere" VALUES(24,'B','Biomdical');
INSERT INTO "Filiere" VALUES(25,'IAA','Innovation, Aliments, Agroressources ');
INSERT INTO "Filiere" VALUES(26,'ICIB','Innovation Conception et Innovation de Bioproduits');
CREATE TABLE Note (id INTEGER PRIMARY KEY, code VARCHAR(10));
INSERT INTO "Note" VALUES(1,'A');
INSERT INTO "Note" VALUES(2,'B');
INSERT INTO "Note" VALUES(3,'C');
INSERT INTO "Note" VALUES(4,'D');
INSERT INTO "Note" VALUES(5,'E');
INSERT INTO "Note" VALUES(6,'F');
INSERT INTO "Note" VALUES(7,'FX');
INSERT INTO "Note" VALUES(8,'EC');
INSERT INTO "Note" VALUES(9,'ABS');
INSERT INTO "Note" VALUES(10,'RES');
COMMIT;
